frame,Ankle.R_x,Ankle.R_y,Ankle.R_z,Knee.R_x,Knee.R_y,Knee.R_z,Hip.R_x,Hip.R_y,Hip.R_z,Hip.L_x,Hip.L_y,Hip.L_z,Knee.L_x,Knee.L_y,Knee.L_z,Ankle.L_x,Ankle.L_y,Ankle.L_z,Wrist.R_x,Wrist.R_y,Wrist.R_z,Elbow.R_x,Elbow.R_y,Elbow.R_z,Shoulder.R_x,Shoulder.R_y,Shoulder.R_z,Shoulder.L_x,Shoulder.L_y,Shoulder.L_z,Elbow.L_x,Elbow.L_y,Elbow.L_z,Wrist.L_x,Wrist.L_y,Wrist.L_z,Neck_x,Neck_y,Neck_z,Head_x,Head_y,Head_z,Nose_x,Nose_y,Nose_z,Eye.L_x,Eye.L_y,Eye.L_z,Eye.R_x,Eye.R_y,Eye.R_z,Ear.L_x,Ear.L_y,Ear.L_z,Ear.R_x,Ear.R_y,Ear.R_z,hip.Center_x,hip.Center_y,hip.Center_z
0,-0.1326284,-0.5061911,-0.09922045,-0.072368205,-0.14109999,0.12261408,-0.117571905,0.2737994,0.014975771,0.10907274,0.26790094,-0.04929223,0.12873179,-0.1472564,0.024985055,0.063368805,-0.54169655,-0.15616882,-0.27372366,0.5576441,0.29461464,-0.3369146,0.53190243,0.056399763,-0.12494988,0.7112082,0.06375442,0.16767645,0.6964978,0.0057669105,0.33662313,0.4905739,-0.08424564,0.5287505,0.5216274,0.061554622,0.032124285,0.7629527,0.06538156,0.060008544,0.9695859,0.12198426,0.06296762,0.8624574,0.23261516,0.096239954,0.90312076,0.19881457,0.030613178,0.9085258,0.20411198,0.12723522,0.8920399,0.102191694,-0.020491753,0.905918,0.11393102,-0.004249583929777145,0.27085018157958984,-0.017158228904008865
