frame,Ankle.R_x,Ankle.R_y,Ankle.R_z,Knee.R_x,Knee.R_y,Knee.R_z,Hip.R_x,Hip.R_y,Hip.R_z,Hip.L_x,Hip.L_y,Hip.L_z,Knee.L_x,Knee.L_y,Knee.L_z,Ankle.L_x,Ankle.L_y,Ankle.L_z,Wrist.R_x,Wrist.R_y,Wrist.R_z,Elbow.R_x,Elbow.R_y,Elbow.R_z,Shoulder.R_x,Shoulder.R_y,Shoulder.R_z,Shoulder.L_x,Shoulder.L_y,Shoulder.L_z,Elbow.L_x,Elbow.L_y,Elbow.L_z,Wrist.L_x,Wrist.L_y,Wrist.L_z,Neck_x,Neck_y,Neck_z,Head_x,Head_y,Head_z,Nose_x,Nose_y,Nose_z,Eye.L_x,Eye.L_y,Eye.L_z,Eye.R_x,Eye.R_y,Eye.R_z,Ear.L_x,Ear.L_y,Ear.L_z,Ear.R_x,Ear.R_y,Ear.R_z,hip.Center_x,hip.Center_y,hip.Center_z
0,-0.12593168,-0.51543194,-0.010359611,-0.06329663,-0.1276926,0.15668197,-0.11269501,0.27102688,0.022280887,0.10670225,0.2599244,-0.05443393,0.10512011,-0.15674055,-0.008761874,0.030312903,-0.55870074,-0.1567959,-0.3259902,0.69301593,0.29718623,-0.36462316,0.6015716,0.073017046,-0.11851682,0.7152767,0.0339571,0.16573583,0.6938258,-0.023847591,0.3666694,0.5113341,-0.07616694,0.54549503,0.59253484,0.061942667,0.032217618,0.75961107,0.027959099,0.0556459,0.96664166,0.058335353,0.053070955,0.8764243,0.18250479,0.087736785,0.9126868,0.14618792,0.02212278,0.9171724,0.14640908,0.12440727,0.8891893,0.054277644,-0.022050604,0.90144885,0.055106077,-0.002996377646923065,0.26547563076019287,-0.016076521947979927
