frame,Ankle.R_x,Ankle.R_y,Ankle.R_z,Knee.R_x,Knee.R_y,Knee.R_z,Hip.R_x,Hip.R_y,Hip.R_z,Hip.L_x,Hip.L_y,Hip.L_z,Knee.L_x,Knee.L_y,Knee.L_z,Ankle.L_x,Ankle.L_y,Ankle.L_z,Wrist.R_x,Wrist.R_y,Wrist.R_z,Elbow.R_x,Elbow.R_y,Elbow.R_z,Shoulder.R_x,Shoulder.R_y,Shoulder.R_z,Shoulder.L_x,Shoulder.L_y,Shoulder.L_z,Elbow.L_x,Elbow.L_y,Elbow.L_z,Wrist.L_x,Wrist.L_y,Wrist.L_z,Neck_x,Neck_y,Neck_z,Head_x,Head_y,Head_z,Nose_x,Nose_y,Nose_z,Eye.L_x,Eye.L_y,Eye.L_z,Eye.R_x,Eye.R_y,Eye.R_z,Ear.L_x,Ear.L_y,Ear.L_z,Ear.R_x,Ear.R_y,Ear.R_z,hip.Center_x,hip.Center_y,hip.Center_z
0,0.010153522,-0.38847333,0.16860254,0.11069717,-0.0011591924,0.276399,-0.103540376,0.26866543,0.04573778,0.08654841,0.25814226,-0.090206586,0.14456889,-0.13773805,0.02460514,0.051538184,-0.55177855,-0.044351898,-0.29136282,0.5639764,0.34013104,-0.3542392,0.578367,0.102117464,-0.14267947,0.70930684,-0.0058894325,0.12594499,0.70023763,-0.11570713,0.34339005,0.54687715,-0.17715162,0.5160086,0.6200123,-0.026284553,-0.000564944,0.75805897,-0.04563242,0.012597546,0.9669084,-0.025174357,0.039873943,0.8781947,0.09649864,0.06403233,0.9165391,0.05475647,-0.0003633611,0.9157114,0.06706424,0.08449659,0.89474595,-0.042063467,-0.059194088,0.89624494,-0.013875812,-0.008495982736349106,0.26340383291244507,-0.02223440259695053
