frame,Ankle.R_x,Ankle.R_y,Ankle.R_z,Knee.R_x,Knee.R_y,Knee.R_z,Hip.R_x,Hip.R_y,Hip.R_z,Hip.L_x,Hip.L_y,Hip.L_z,Knee.L_x,Knee.L_y,Knee.L_z,Ankle.L_x,Ankle.L_y,Ankle.L_z,Wrist.R_x,Wrist.R_y,Wrist.R_z,Elbow.R_x,Elbow.R_y,Elbow.R_z,Shoulder.R_x,Shoulder.R_y,Shoulder.R_z,Shoulder.L_x,Shoulder.L_y,Shoulder.L_z,Elbow.L_x,Elbow.L_y,Elbow.L_z,Wrist.L_x,Wrist.L_y,Wrist.L_z,Neck_x,Neck_y,Neck_z,Head_x,Head_y,Head_z,Nose_x,Nose_y,Nose_z,Eye.L_x,Eye.L_y,Eye.L_z,Eye.R_x,Eye.R_y,Eye.R_z,Ear.L_x,Ear.L_y,Ear.L_z,Ear.R_x,Ear.R_y,Ear.R_z,hip.Center_x,hip.Center_y,hip.Center_z
0,-0.25803813,-0.4347149,-0.14944474,-0.1438387,-0.10490119,0.06286938,-0.114250876,0.30220878,0.022590157,0.10698865,0.2817912,-0.049536496,0.14973484,-0.09613511,0.043384094,0.14661764,-0.44938523,-0.17219546,-0.11741792,0.61345977,0.3105756,-0.25583082,0.56801915,0.12415555,-0.05963541,0.7471125,0.10402916,0.22585835,0.71379775,0.016495652,0.37365443,0.5061338,-0.084455654,0.50305796,0.57376933,0.09483609,0.101906784,0.7907713,0.0903387,0.14180459,1.0045308,0.14880843,0.1872951,0.8900653,0.24549724,0.2052003,0.9343165,0.20422116,0.1453355,0.93611896,0.23289068,0.2000457,0.9300976,0.10104454,0.06256482,0.93654823,0.16527963,-0.0036311112344264984,0.2919999957084656,-0.01347316987812519
