frame,Ankle.R_x,Ankle.R_y,Ankle.R_z,Knee.R_x,Knee.R_y,Knee.R_z,Hip.R_x,Hip.R_y,Hip.R_z,Hip.L_x,Hip.L_y,Hip.L_z,Knee.L_x,Knee.L_y,Knee.L_z,Ankle.L_x,Ankle.L_y,Ankle.L_z,Wrist.R_x,Wrist.R_y,Wrist.R_z,Elbow.R_x,Elbow.R_y,Elbow.R_z,Shoulder.R_x,Shoulder.R_y,Shoulder.R_z,Shoulder.L_x,Shoulder.L_y,Shoulder.L_z,Elbow.L_x,Elbow.L_y,Elbow.L_z,Wrist.L_x,Wrist.L_y,Wrist.L_z,Neck_x,Neck_y,Neck_z,Head_x,Head_y,Head_z,Nose_x,Nose_y,Nose_z,Eye.L_x,Eye.L_y,Eye.L_z,Eye.R_x,Eye.R_y,Eye.R_z,Ear.L_x,Ear.L_y,Ear.L_z,Ear.R_x,Ear.R_y,Ear.R_z,hip.Center_x,hip.Center_y,hip.Center_z
0,-0.23039728,-0.47705024,-0.21887566,-0.11934732,-0.13560988,-0.007232095,-0.111618996,0.27632856,0.03483756,0.10636398,0.2792251,-0.046690226,0.13328815,-0.12306046,-0.07528034,0.1337158,-0.47701606,-0.30518466,-0.104952306,0.691015,0.3975126,-0.27039677,0.5784722,0.2644796,-0.11530383,0.73076683,0.11032897,0.15417734,0.73031294,-0.0055700764,0.35456923,0.568353,-0.105001666,0.49821824,0.68959594,0.03235726,0.029513385,0.78907585,0.07230903,0.05563436,1.006495,0.10918961,0.11065286,0.9047752,0.21405947,0.124653965,0.94571173,0.16874456,0.06620863,0.94738185,0.19964543,0.114621244,0.93141866,0.06738786,-0.017743442,0.93751884,0.135582,-0.0026275068521499634,0.277776837348938,-0.0059263333678245544
