frame,Ankle.R_x,Ankle.R_y,Ankle.R_z,Knee.R_x,Knee.R_y,Knee.R_z,Hip.R_x,Hip.R_y,Hip.R_z,Hip.L_x,Hip.L_y,Hip.L_z,Knee.L_x,Knee.L_y,Knee.L_z,Ankle.L_x,Ankle.L_y,Ankle.L_z,Wrist.R_x,Wrist.R_y,Wrist.R_z,Elbow.R_x,Elbow.R_y,Elbow.R_z,Shoulder.R_x,Shoulder.R_y,Shoulder.R_z,Shoulder.L_x,Shoulder.L_y,Shoulder.L_z,Elbow.L_x,Elbow.L_y,Elbow.L_z,Wrist.L_x,Wrist.L_y,Wrist.L_z,Neck_x,Neck_y,Neck_z,Head_x,Head_y,Head_z,Nose_x,Nose_y,Nose_z,Eye.L_x,Eye.L_y,Eye.L_z,Eye.R_x,Eye.R_y,Eye.R_z,Ear.L_x,Ear.L_y,Ear.L_z,Ear.R_x,Ear.R_y,Ear.R_z,hip.Center_x,hip.Center_y,hip.Center_z
0,-0.25180697,-0.42746073,-0.1171284,-0.13935493,-0.10140342,0.09996807,-0.115960225,0.29696774,0.017744862,0.108410195,0.27604878,-0.050742075,0.15663819,-0.089002505,0.07994935,0.13676764,-0.4316127,-0.1500309,-0.17171144,0.61889267,0.32822937,-0.29093933,0.59496886,0.12501374,-0.058374237,0.73170877,0.10843403,0.22948639,0.6962037,0.031338755,0.4161458,0.52503014,-0.0759505,0.5379885,0.5723412,0.11692482,0.10400821,0.7692921,0.100254945,0.15554239,0.97766525,0.15859179,0.19835424,0.861033,0.25190413,0.21697518,0.903767,0.21023792,0.15930688,0.9094707,0.24228188,0.20534688,0.9007189,0.10867524,0.0732391,0.9155417,0.17984906,-0.0037750154733657837,0.2865082621574402,-0.016498606652021408
