frame,Ankle.R_x,Ankle.R_y,Ankle.R_z,Knee.R_x,Knee.R_y,Knee.R_z,Hip.R_x,Hip.R_y,Hip.R_z,Hip.L_x,Hip.L_y,Hip.L_z,Knee.L_x,Knee.L_y,Knee.L_z,Ankle.L_x,Ankle.L_y,Ankle.L_z,Wrist.R_x,Wrist.R_y,Wrist.R_z,Elbow.R_x,Elbow.R_y,Elbow.R_z,Shoulder.R_x,Shoulder.R_y,Shoulder.R_z,Shoulder.L_x,Shoulder.L_y,Shoulder.L_z,Elbow.L_x,Elbow.L_y,Elbow.L_z,Wrist.L_x,Wrist.L_y,Wrist.L_z,Neck_x,Neck_y,Neck_z,Head_x,Head_y,Head_z,Nose_x,Nose_y,Nose_z,Eye.L_x,Eye.L_y,Eye.L_z,Eye.R_x,Eye.R_y,Eye.R_z,Ear.L_x,Ear.L_y,Ear.L_z,Ear.R_x,Ear.R_y,Ear.R_z,hip.Center_x,hip.Center_y,hip.Center_z
0,-0.25878912,-0.43274614,-0.1415918,-0.14262228,-0.10480225,0.071526416,-0.113992706,0.3006047,0.023174489,0.10652634,0.28120846,-0.051375434,0.15611315,-0.09342444,0.049047478,0.14724264,-0.44278175,-0.17183161,-0.1243769,0.616881,0.3213558,-0.26643598,0.578328,0.13583791,-0.058271065,0.74427354,0.10590266,0.22648877,0.7095207,0.0141252875,0.38701183,0.51269054,-0.09094187,0.5218612,0.5731909,0.08782338,0.10339205,0.786194,0.088804424,0.14779529,0.99939245,0.14333017,0.19481738,0.88579124,0.23973866,0.21193075,0.92901874,0.19727151,0.1533146,0.93232965,0.22816198,0.20271605,0.923504,0.09470882,0.06803334,0.9332503,0.16382283,-0.003733184188604355,0.2909065783023834,-0.014100472442805767
