frame,Ankle.R_x,Ankle.R_y,Ankle.R_z,Knee.R_x,Knee.R_y,Knee.R_z,Hip.R_x,Hip.R_y,Hip.R_z,Hip.L_x,Hip.L_y,Hip.L_z,Knee.L_x,Knee.L_y,Knee.L_z,Ankle.L_x,Ankle.L_y,Ankle.L_z,Wrist.R_x,Wrist.R_y,Wrist.R_z,Elbow.R_x,Elbow.R_y,Elbow.R_z,Shoulder.R_x,Shoulder.R_y,Shoulder.R_z,Shoulder.L_x,Shoulder.L_y,Shoulder.L_z,Elbow.L_x,Elbow.L_y,Elbow.L_z,Wrist.L_x,Wrist.L_y,Wrist.L_z,Neck_x,Neck_y,Neck_z,Head_x,Head_y,Head_z,Nose_x,Nose_y,Nose_z,Eye.L_x,Eye.L_y,Eye.L_z,Eye.R_x,Eye.R_y,Eye.R_z,Ear.L_x,Ear.L_y,Ear.L_z,Ear.R_x,Ear.R_y,Ear.R_z,hip.Center_x,hip.Center_y,hip.Center_z
0,-0.18707691,-0.44620126,-0.17028266,-0.082139924,-0.14434227,0.097123384,-0.11572431,0.2704667,0.025479201,0.1039723,0.27666113,-0.059948966,0.20103684,-0.073245615,0.11733373,0.18261136,-0.43241292,-0.10340877,0.096889436,0.68215466,0.4156481,-0.1377804,0.6306449,0.34891516,-0.10243154,0.72384,0.10610402,0.14261974,0.70614666,-0.050448477,0.33853215,0.5335098,-0.1259606,0.47240797,0.64414644,0.03550783,0.030681228,0.76810163,0.041905098,0.10204649,0.9667019,0.10919443,0.12981093,0.83621895,0.18370268,0.15313834,0.88028944,0.14746428,0.09776977,0.8898228,0.1817478,0.13810886,0.8923708,0.04814501,0.013417803,0.9143602,0.12508598,-0.005876004695892334,0.2735639214515686,-0.017234882339835167
