frame,Ankle.R_x,Ankle.R_y,Ankle.R_z,Knee.R_x,Knee.R_y,Knee.R_z,Hip.R_x,Hip.R_y,Hip.R_z,Hip.L_x,Hip.L_y,Hip.L_z,Knee.L_x,Knee.L_y,Knee.L_z,Ankle.L_x,Ankle.L_y,Ankle.L_z,Wrist.R_x,Wrist.R_y,Wrist.R_z,Elbow.R_x,Elbow.R_y,Elbow.R_z,Shoulder.R_x,Shoulder.R_y,Shoulder.R_z,Shoulder.L_x,Shoulder.L_y,Shoulder.L_z,Elbow.L_x,Elbow.L_y,Elbow.L_z,Wrist.L_x,Wrist.L_y,Wrist.L_z,Neck_x,Neck_y,Neck_z,Head_x,Head_y,Head_z,Nose_x,Nose_y,Nose_z,Eye.L_x,Eye.L_y,Eye.L_z,Eye.R_x,Eye.R_y,Eye.R_z,Ear.L_x,Ear.L_y,Ear.L_z,Ear.R_x,Ear.R_y,Ear.R_z,hip.Center_x,hip.Center_y,hip.Center_z
0,0.059133228,-0.4834012,0.15451308,0.18013301,-0.07430209,0.1714852,-0.071990505,0.25348482,0.080248296,0.05990685,0.25797775,-0.117371425,0.15859415,-0.1478155,-0.04851246,0.033556145,-0.55360067,-0.15483937,-0.123867065,0.49459583,0.49373975,-0.2681479,0.5369748,0.29051343,-0.15857738,0.6733693,0.07761121,0.061816387,0.6981076,-0.11140279,0.29575834,0.5742507,-0.18555301,0.45301312,0.6252538,-0.0040125297,-0.046373293,0.73865336,-0.008787337,-0.04078467,0.9472395,0.014471537,0.04238315,0.856527,0.103671685,0.043153897,0.89708436,0.057843197,-0.007253185,0.8930968,0.09917267,0.015533149,0.87976754,-0.036777817,-0.09636431,0.87329155,0.054687183,-0.00604182668030262,0.2557312846183777,-0.01856156438589096
