frame,Ankle.R_x,Ankle.R_y,Ankle.R_z,Knee.R_x,Knee.R_y,Knee.R_z,Hip.R_x,Hip.R_y,Hip.R_z,Hip.L_x,Hip.L_y,Hip.L_z,Knee.L_x,Knee.L_y,Knee.L_z,Ankle.L_x,Ankle.L_y,Ankle.L_z,Wrist.R_x,Wrist.R_y,Wrist.R_z,Elbow.R_x,Elbow.R_y,Elbow.R_z,Shoulder.R_x,Shoulder.R_y,Shoulder.R_z,Shoulder.L_x,Shoulder.L_y,Shoulder.L_z,Elbow.L_x,Elbow.L_y,Elbow.L_z,Wrist.L_x,Wrist.L_y,Wrist.L_z,Neck_x,Neck_y,Neck_z,Head_x,Head_y,Head_z,Nose_x,Nose_y,Nose_z,Eye.L_x,Eye.L_y,Eye.L_z,Eye.R_x,Eye.R_y,Eye.R_z,Ear.L_x,Ear.L_y,Ear.L_z,Ear.R_x,Ear.R_y,Ear.R_z,hip.Center_x,hip.Center_y,hip.Center_z
0,-0.19436131,-0.46689418,-0.14978972,-0.10025436,-0.14589065,0.108643904,-0.11912058,0.26524198,0.017192516,0.106687605,0.27586597,-0.05697311,0.21594767,-0.06445494,0.13866048,0.17565553,-0.44484282,-0.050520144,-0.032398745,0.69593143,0.4880407,-0.21679771,0.61028475,0.33574373,-0.1454655,0.6989891,0.09055439,0.11888085,0.717056,-0.030728675,0.36454985,0.60136354,-0.078746304,0.5144228,0.66213596,0.1059357,-0.013522123,0.7611183,0.041840736,0.0023066364,0.9724967,0.096752405,0.031568736,0.86011344,0.1960927,0.055633068,0.90480494,0.16132268,-0.008290153,0.90444565,0.17708783,0.069674745,0.9029052,0.060348,-0.07409412,0.90343547,0.09636326,-0.006216488778591156,0.27055397629737854,-0.019890297204256058
