frame,Ankle.R_x,Ankle.R_y,Ankle.R_z,Knee.R_x,Knee.R_y,Knee.R_z,Hip.R_x,Hip.R_y,Hip.R_z,Hip.L_x,Hip.L_y,Hip.L_z,Knee.L_x,Knee.L_y,Knee.L_z,Ankle.L_x,Ankle.L_y,Ankle.L_z,Wrist.R_x,Wrist.R_y,Wrist.R_z,Elbow.R_x,Elbow.R_y,Elbow.R_z,Shoulder.R_x,Shoulder.R_y,Shoulder.R_z,Shoulder.L_x,Shoulder.L_y,Shoulder.L_z,Elbow.L_x,Elbow.L_y,Elbow.L_z,Wrist.L_x,Wrist.L_y,Wrist.L_z,Neck_x,Neck_y,Neck_z,Head_x,Head_y,Head_z,Nose_x,Nose_y,Nose_z,Eye.L_x,Eye.L_y,Eye.L_z,Eye.R_x,Eye.R_y,Eye.R_z,Ear.L_x,Ear.L_y,Ear.L_z,Ear.R_x,Ear.R_y,Ear.R_z,hip.Center_x,hip.Center_y,hip.Center_z
0,-0.22053023,-0.45644104,-0.1555385,-0.1070215,-0.13062309,0.07429923,-0.11213446,0.28620905,0.029947385,0.103511356,0.27604303,-0.06008142,0.16459939,-0.09372704,0.0831818,0.15178917,-0.46508136,-0.11218381,0.10344659,0.65990806,0.38540483,-0.12860897,0.6183012,0.3163452,-0.07062265,0.74706507,0.0991133,0.17406115,0.71715826,-0.059912585,0.34254137,0.51966685,-0.13356197,0.486314,0.60650545,0.030716034,0.06733889,0.7861978,0.034837745,0.14793237,0.98294,0.10647487,0.17424497,0.8487666,0.1771242,0.19778797,0.8937669,0.1414515,0.14286174,0.9032831,0.17680894,0.18201952,0.9090512,0.041541606,0.057483524,0.9315232,0.12191667,-0.004311550408601761,0.2811260223388672,-0.015067016705870628
