frame,Ankle.R_x,Ankle.R_y,Ankle.R_z,Knee.R_x,Knee.R_y,Knee.R_z,Hip.R_x,Hip.R_y,Hip.R_z,Hip.L_x,Hip.L_y,Hip.L_z,Knee.L_x,Knee.L_y,Knee.L_z,Ankle.L_x,Ankle.L_y,Ankle.L_z,Wrist.R_x,Wrist.R_y,Wrist.R_z,Elbow.R_x,Elbow.R_y,Elbow.R_z,Shoulder.R_x,Shoulder.R_y,Shoulder.R_z,Shoulder.L_x,Shoulder.L_y,Shoulder.L_z,Elbow.L_x,Elbow.L_y,Elbow.L_z,Wrist.L_x,Wrist.L_y,Wrist.L_z,Neck_x,Neck_y,Neck_z,Head_x,Head_y,Head_z,Nose_x,Nose_y,Nose_z,Eye.L_x,Eye.L_y,Eye.L_z,Eye.R_x,Eye.R_y,Eye.R_z,Ear.L_x,Ear.L_y,Ear.L_z,Ear.R_x,Ear.R_y,Ear.R_z,hip.Center_x,hip.Center_y,hip.Center_z
0,0.008237879,-0.4547192,0.13462909,0.038637817,-0.05672504,0.24673322,-0.11681927,0.2490103,0.022880845,0.102532834,0.26622745,-0.06422002,0.16769779,-0.12604436,0.06953895,0.05488437,-0.46616796,-0.15661943,-0.27001372,0.5675089,0.32061696,-0.3747671,0.48236704,0.12006179,-0.20728849,0.6575493,0.011303247,0.062854074,0.7189898,-0.0481509,0.308995,0.6308084,-0.118138194,0.45470986,0.6961188,0.056033768,-0.07855281,0.73834455,0.0017460734,-0.1050884,0.9419412,0.046719443,-0.08403939,0.84108555,0.15901247,-0.059690036,0.88748467,0.12824714,-0.12410979,0.87689614,0.12880883,-0.022161946,0.883603,0.034932524,-0.16560644,0.8621717,0.037124977,-0.007143218070268631,0.25761887431144714,-0.020669586956501007
