frame,Ankle.R_x,Ankle.R_y,Ankle.R_z,Knee.R_x,Knee.R_y,Knee.R_z,Hip.R_x,Hip.R_y,Hip.R_z,Hip.L_x,Hip.L_y,Hip.L_z,Knee.L_x,Knee.L_y,Knee.L_z,Ankle.L_x,Ankle.L_y,Ankle.L_z,Wrist.R_x,Wrist.R_y,Wrist.R_z,Elbow.R_x,Elbow.R_y,Elbow.R_z,Shoulder.R_x,Shoulder.R_y,Shoulder.R_z,Shoulder.L_x,Shoulder.L_y,Shoulder.L_z,Elbow.L_x,Elbow.L_y,Elbow.L_z,Wrist.L_x,Wrist.L_y,Wrist.L_z,Neck_x,Neck_y,Neck_z,Head_x,Head_y,Head_z,Nose_x,Nose_y,Nose_z,Eye.L_x,Eye.L_y,Eye.L_z,Eye.R_x,Eye.R_y,Eye.R_z,Ear.L_x,Ear.L_y,Ear.L_z,Ear.R_x,Ear.R_y,Ear.R_z,hip.Center_x,hip.Center_y,hip.Center_z
0,-0.17247847,-0.45283735,-0.1914742,-0.08259955,-0.15704195,0.09727647,-0.11576277,0.26351693,0.025404826,0.10425698,0.27059227,-0.06706936,0.21634084,-0.039257847,0.17481908,0.106325254,-0.42022404,0.025596615,0.020156732,0.7097332,0.5007173,-0.16561261,0.6250056,0.34690988,-0.13451536,0.69356793,0.08558251,0.1164303,0.70962715,-0.06134452,0.36697358,0.6019914,-0.10386696,0.52023387,0.65946776,0.08181695,-0.010646395,0.7557702,0.018851865,0.009654336,0.9695111,0.063469,0.05052855,0.85947657,0.1601505,0.07035513,0.90324354,0.121722795,0.009041652,0.9036761,0.14566599,0.07101098,0.8992245,0.02044423,-0.06612441,0.90137076,0.07406749,-0.005752895027399063,0.26705461740493774,-0.02083226665854454
