frame,Ankle.R_x,Ankle.R_y,Ankle.R_z,Knee.R_x,Knee.R_y,Knee.R_z,Hip.R_x,Hip.R_y,Hip.R_z,Hip.L_x,Hip.L_y,Hip.L_z,Knee.L_x,Knee.L_y,Knee.L_z,Ankle.L_x,Ankle.L_y,Ankle.L_z,Wrist.R_x,Wrist.R_y,Wrist.R_z,Elbow.R_x,Elbow.R_y,Elbow.R_z,Shoulder.R_x,Shoulder.R_y,Shoulder.R_z,Shoulder.L_x,Shoulder.L_y,Shoulder.L_z,Elbow.L_x,Elbow.L_y,Elbow.L_z,Wrist.L_x,Wrist.L_y,Wrist.L_z,Neck_x,Neck_y,Neck_z,Head_x,Head_y,Head_z,Nose_x,Nose_y,Nose_z,Eye.L_x,Eye.L_y,Eye.L_z,Eye.R_x,Eye.R_y,Eye.R_z,Ear.L_x,Ear.L_y,Ear.L_z,Ear.R_x,Ear.R_y,Ear.R_z,hip.Center_x,hip.Center_y,hip.Center_z
0,-0.006491659,-0.44264263,0.24096473,0.16382897,-0.048820794,0.22177964,-0.07698404,0.26855284,0.07519469,0.061413705,0.25363508,-0.12140321,0.18574156,-0.13826258,-0.0048425575,0.021489028,-0.53250355,-0.1144839,-0.064146295,0.41613296,0.4524703,-0.21595421,0.47802442,0.2558632,-0.13086137,0.6729748,0.07392223,0.09384628,0.7004312,-0.12240009,0.311498,0.54011494,-0.18965071,0.45930153,0.5741608,0.007880377,-0.01486039,0.74550533,-0.015742166,-0.0011544235,0.9574645,0.009782681,0.08540353,0.8624819,0.09190859,0.08401893,0.9037153,0.04613124,0.036352724,0.90092885,0.09119056,0.049074713,0.888293,-0.046958916,-0.057450954,0.88424665,0.053490777,-0.007785167545080185,0.26109397411346436,-0.023104261606931686
