frame,Ankle.R_x,Ankle.R_y,Ankle.R_z,Knee.R_x,Knee.R_y,Knee.R_z,Hip.R_x,Hip.R_y,Hip.R_z,Hip.L_x,Hip.L_y,Hip.L_z,Knee.L_x,Knee.L_y,Knee.L_z,Ankle.L_x,Ankle.L_y,Ankle.L_z,Wrist.R_x,Wrist.R_y,Wrist.R_z,Elbow.R_x,Elbow.R_y,Elbow.R_z,Shoulder.R_x,Shoulder.R_y,Shoulder.R_z,Shoulder.L_x,Shoulder.L_y,Shoulder.L_z,Elbow.L_x,Elbow.L_y,Elbow.L_z,Wrist.L_x,Wrist.L_y,Wrist.L_z,Neck_x,Neck_y,Neck_z,Head_x,Head_y,Head_z,Nose_x,Nose_y,Nose_z,Eye.L_x,Eye.L_y,Eye.L_z,Eye.R_x,Eye.R_y,Eye.R_z,Ear.L_x,Ear.L_y,Ear.L_z,Ear.R_x,Ear.R_y,Ear.R_z,hip.Center_x,hip.Center_y,hip.Center_z
0,-0.008968378,-0.4144173,0.18221584,0.06471675,-0.015960362,0.2643126,-0.10561882,0.2795692,0.0372426,0.09421547,0.25624636,-0.079733014,0.076279625,-0.1490041,0.0045401007,-0.054167263,-0.5455663,-0.08298531,-0.2701691,0.73882884,0.2689665,-0.34465343,0.6065271,0.084623486,-0.11450417,0.723073,0.0056593455,0.16343349,0.69807744,-0.08395541,0.34567255,0.49975663,-0.13013752,0.521732,0.61468166,-0.028006209,0.032814767,0.76790434,-0.022343453,0.03967377,0.9765927,-0.020627761,0.038810074,0.90507936,0.11547106,0.07160973,0.93980867,0.075890705,0.006026998,0.93609226,0.07216245,0.1175316,0.90758157,-0.0100506665,-0.029552966,0.90310544,-0.017688772,-0.00570167601108551,0.2679077982902527,-0.021245207637548447
