frame,Ankle.R_x,Ankle.R_y,Ankle.R_z,Knee.R_x,Knee.R_y,Knee.R_z,Hip.R_x,Hip.R_y,Hip.R_z,Hip.L_x,Hip.L_y,Hip.L_z,Knee.L_x,Knee.L_y,Knee.L_z,Ankle.L_x,Ankle.L_y,Ankle.L_z,Wrist.R_x,Wrist.R_y,Wrist.R_z,Elbow.R_x,Elbow.R_y,Elbow.R_z,Shoulder.R_x,Shoulder.R_y,Shoulder.R_z,Shoulder.L_x,Shoulder.L_y,Shoulder.L_z,Elbow.L_x,Elbow.L_y,Elbow.L_z,Wrist.L_x,Wrist.L_y,Wrist.L_z,Neck_x,Neck_y,Neck_z,Head_x,Head_y,Head_z,Nose_x,Nose_y,Nose_z,Eye.L_x,Eye.L_y,Eye.L_z,Eye.R_x,Eye.R_y,Eye.R_z,Ear.L_x,Ear.L_y,Ear.L_z,Ear.R_x,Ear.R_y,Ear.R_z,hip.Center_x,hip.Center_y,hip.Center_z
0,0.037918504,-0.353975,0.21274407,0.121627405,0.042356197,0.30347428,-0.10175596,0.2673347,0.04831136,0.08410432,0.2526409,-0.09571431,0.1367146,-0.15306337,-0.020839846,0.026352597,-0.5632138,-0.114177,-0.27094895,0.5166537,0.30557978,-0.35207403,0.5489509,0.0754246,-0.13755283,0.6979371,-0.0034936164,0.13730238,0.68128765,-0.106948145,0.3342663,0.4908309,-0.1262905,0.47326535,0.57832927,0.04826365,0.008058223,0.7467567,-0.041476376,0.024157023,0.95606714,-0.015650043,0.052396543,0.86125326,0.10035737,0.07643769,0.90090394,0.05999531,0.012582704,0.90114015,0.07448693,0.09307243,0.8832946,-0.037544653,-0.04847726,0.88722646,-0.00521411,-0.008825819939374924,0.25998780131340027,-0.02370147407054901
