frame,Ankle.R_x,Ankle.R_y,Ankle.R_z,Knee.R_x,Knee.R_y,Knee.R_z,Hip.R_x,Hip.R_y,Hip.R_z,Hip.L_x,Hip.L_y,Hip.L_z,Knee.L_x,Knee.L_y,Knee.L_z,Ankle.L_x,Ankle.L_y,Ankle.L_z,Wrist.R_x,Wrist.R_y,Wrist.R_z,Elbow.R_x,Elbow.R_y,Elbow.R_z,Shoulder.R_x,Shoulder.R_y,Shoulder.R_z,Shoulder.L_x,Shoulder.L_y,Shoulder.L_z,Elbow.L_x,Elbow.L_y,Elbow.L_z,Wrist.L_x,Wrist.L_y,Wrist.L_z,Neck_x,Neck_y,Neck_z,Head_x,Head_y,Head_z,Nose_x,Nose_y,Nose_z,Eye.L_x,Eye.L_y,Eye.L_z,Eye.R_x,Eye.R_y,Eye.R_z,Ear.L_x,Ear.L_y,Ear.L_z,Ear.R_x,Ear.R_y,Ear.R_z,hip.Center_x,hip.Center_y,hip.Center_z
0,-0.047076423,-0.43028808,0.27714226,0.12843119,-0.04111663,0.25671378,-0.08421226,0.2702133,0.066051334,0.06986065,0.24598901,-0.11522152,0.19936723,-0.12994842,0.03265187,0.04298565,-0.5300913,-0.054565612,-0.19334307,0.4700301,0.42499563,-0.293373,0.50932765,0.19636974,-0.1528317,0.6749296,0.022889236,0.08137103,0.6884381,-0.1563618,0.29173547,0.52995956,-0.24241632,0.4612186,0.592373,-0.076575756,-0.029782692,0.7386168,-0.057720654,-0.018640868,0.94904137,-0.04658226,0.06289594,0.86276335,0.049490064,0.064567626,0.8999877,0.0008842796,0.013764277,0.90021116,0.04216879,0.03644664,0.8765482,-0.09218692,-0.07660992,0.8791897,-0.00078724325,-0.007175803184509277,0.2581011652946472,-0.024585094302892685
