frame,Ankle.R_x,Ankle.R_y,Ankle.R_z,Knee.R_x,Knee.R_y,Knee.R_z,Hip.R_x,Hip.R_y,Hip.R_z,Hip.L_x,Hip.L_y,Hip.L_z,Knee.L_x,Knee.L_y,Knee.L_z,Ankle.L_x,Ankle.L_y,Ankle.L_z,Wrist.R_x,Wrist.R_y,Wrist.R_z,Elbow.R_x,Elbow.R_y,Elbow.R_z,Shoulder.R_x,Shoulder.R_y,Shoulder.R_z,Shoulder.L_x,Shoulder.L_y,Shoulder.L_z,Elbow.L_x,Elbow.L_y,Elbow.L_z,Wrist.L_x,Wrist.L_y,Wrist.L_z,Neck_x,Neck_y,Neck_z,Head_x,Head_y,Head_z,Nose_x,Nose_y,Nose_z,Eye.L_x,Eye.L_y,Eye.L_z,Eye.R_x,Eye.R_y,Eye.R_z,Ear.L_x,Ear.L_y,Ear.L_z,Ear.R_x,Ear.R_y,Ear.R_z,hip.Center_x,hip.Center_y,hip.Center_z
0,-0.04087366,-0.44199675,0.1689592,0.068621464,-0.04506696,0.24661882,-0.10385001,0.27435207,0.04265734,0.092245035,0.260616,-0.08340168,0.1054216,-0.1474423,0.007887134,-0.019070275,-0.54694754,-0.092037655,-0.3015387,0.5768072,0.34146285,-0.354429,0.5695434,0.10178132,-0.13890384,0.7138943,0.01766286,0.14037827,0.70602715,-0.07914931,0.33780676,0.51948965,-0.11947013,0.4990476,0.61666936,0.026623946,0.0074271876,0.7674157,-0.013048949,0.014874724,0.9780389,0.005620302,0.02467707,0.89308643,0.1332257,0.05430925,0.93109334,0.094414264,-0.01133672,0.92885184,0.09644389,0.09097271,0.9068512,0.0022362024,-0.0561475,0.905481,0.007603042,-0.005802486091852188,0.26748403906822205,-0.020372169092297554
