frame,Ankle.R_x,Ankle.R_y,Ankle.R_z,Knee.R_x,Knee.R_y,Knee.R_z,Hip.R_x,Hip.R_y,Hip.R_z,Hip.L_x,Hip.L_y,Hip.L_z,Knee.L_x,Knee.L_y,Knee.L_z,Ankle.L_x,Ankle.L_y,Ankle.L_z,Wrist.R_x,Wrist.R_y,Wrist.R_z,Elbow.R_x,Elbow.R_y,Elbow.R_z,Shoulder.R_x,Shoulder.R_y,Shoulder.R_z,Shoulder.L_x,Shoulder.L_y,Shoulder.L_z,Elbow.L_x,Elbow.L_y,Elbow.L_z,Wrist.L_x,Wrist.L_y,Wrist.L_z,Neck_x,Neck_y,Neck_z,Head_x,Head_y,Head_z,Nose_x,Nose_y,Nose_z,Eye.L_x,Eye.L_y,Eye.L_z,Eye.R_x,Eye.R_y,Eye.R_z,Ear.L_x,Ear.L_y,Ear.L_z,Ear.R_x,Ear.R_y,Ear.R_z,hip.Center_x,hip.Center_y,hip.Center_z
0,0.021715734,-0.32213786,0.2810303,0.093427934,0.08340859,0.33565864,-0.10543468,0.26065385,0.040286448,0.08957154,0.24006811,-0.09156776,0.1303269,-0.1659711,-0.019154185,0.031799193,-0.5828391,-0.10380914,-0.36048952,0.4508274,0.25749916,-0.3588166,0.52712846,0.023966607,-0.13426742,0.6764847,-0.010875647,0.14233966,0.6673272,-0.08861385,0.36220604,0.5088489,-0.073332086,0.4645189,0.63757294,0.10001515,0.009168759,0.72506607,-0.035395324,0.016647499,0.92860234,-0.014271081,0.028368294,0.8390182,0.10783834,0.057379894,0.8784318,0.07154806,-0.007731137,0.87634027,0.07510898,0.08983964,0.8590174,-0.020612389,-0.052700773,0.8583027,-0.012327507,-0.00793156772851944,0.25036096572875977,-0.025640657171607018
