frame,Ankle.R_x,Ankle.R_y,Ankle.R_z,Knee.R_x,Knee.R_y,Knee.R_z,Hip.R_x,Hip.R_y,Hip.R_z,Hip.L_x,Hip.L_y,Hip.L_z,Knee.L_x,Knee.L_y,Knee.L_z,Ankle.L_x,Ankle.L_y,Ankle.L_z,Wrist.R_x,Wrist.R_y,Wrist.R_z,Elbow.R_x,Elbow.R_y,Elbow.R_z,Shoulder.R_x,Shoulder.R_y,Shoulder.R_z,Shoulder.L_x,Shoulder.L_y,Shoulder.L_z,Elbow.L_x,Elbow.L_y,Elbow.L_z,Wrist.L_x,Wrist.L_y,Wrist.L_z,Neck_x,Neck_y,Neck_z,Head_x,Head_y,Head_z,Nose_x,Nose_y,Nose_z,Eye.L_x,Eye.L_y,Eye.L_z,Eye.R_x,Eye.R_y,Eye.R_z,Ear.L_x,Ear.L_y,Ear.L_z,Ear.R_x,Ear.R_y,Ear.R_z,hip.Center_x,hip.Center_y,hip.Center_z
0,-0.25390565,-0.44862276,-0.07784559,-0.12600486,-0.10550489,0.11413729,-0.113764845,0.3001742,0.020951789,0.10635298,0.27269667,-0.059361,0.15659466,-0.078712575,0.11397416,0.13851646,-0.4538718,-0.06963791,-0.06812655,0.58976567,0.33052906,-0.24192297,0.57438743,0.16384256,-0.04579611,0.7414135,0.09653926,0.2291556,0.6991991,-0.0146228485,0.35895252,0.48559168,-0.12565263,0.5045781,0.5141592,0.05614351,0.11264872,0.77683973,0.06863416,0.15774009,0.9831653,0.13384494,0.1952488,0.86452353,0.22705206,0.21641052,0.9093127,0.18873337,0.15532461,0.9118544,0.21428657,0.21638897,0.9094276,0.085771285,0.07673189,0.91698706,0.14394836,-0.003705933690071106,0.28643542528152466,-0.019204605370759964
