frame,Ankle.R_x,Ankle.R_y,Ankle.R_z,Knee.R_x,Knee.R_y,Knee.R_z,Hip.R_x,Hip.R_y,Hip.R_z,Hip.L_x,Hip.L_y,Hip.L_z,Knee.L_x,Knee.L_y,Knee.L_z,Ankle.L_x,Ankle.L_y,Ankle.L_z,Wrist.R_x,Wrist.R_y,Wrist.R_z,Elbow.R_x,Elbow.R_y,Elbow.R_z,Shoulder.R_x,Shoulder.R_y,Shoulder.R_z,Shoulder.L_x,Shoulder.L_y,Shoulder.L_z,Elbow.L_x,Elbow.L_y,Elbow.L_z,Wrist.L_x,Wrist.L_y,Wrist.L_z,Neck_x,Neck_y,Neck_z,Head_x,Head_y,Head_z,Nose_x,Nose_y,Nose_z,Eye.L_x,Eye.L_y,Eye.L_z,Eye.R_x,Eye.R_y,Eye.R_z,Ear.L_x,Ear.L_y,Ear.L_z,Ear.R_x,Ear.R_y,Ear.R_z,hip.Center_x,hip.Center_y,hip.Center_z
0,-0.16170035,-0.43745095,-0.13756812,-0.07230276,-0.13652624,0.131419,-0.11926064,0.26211065,0.016867721,0.10539109,0.27883932,-0.05408047,0.20611055,-0.06411898,0.13282146,0.21029611,-0.4117972,-0.10237926,0.067103945,0.6943536,0.42298606,-0.16096967,0.61842656,0.3589643,-0.13726342,0.70130986,0.111275434,0.115113154,0.70389193,-0.033123195,0.31946695,0.5384314,-0.100583084,0.4376728,0.63942164,0.07665369,-0.00865145,0.75815225,0.052283436,0.023780413,0.96669626,0.11588272,0.048482075,0.8463462,0.20565045,0.07438721,0.8911344,0.17256896,0.011695676,0.89466316,0.19176644,0.0827802,0.8949282,0.0717763,-0.05756472,0.9040643,0.115511626,-0.006934773176908493,0.27047497034072876,-0.01860637590289116
