frame,Ankle.R_x,Ankle.R_y,Ankle.R_z,Knee.R_x,Knee.R_y,Knee.R_z,Hip.R_x,Hip.R_y,Hip.R_z,Hip.L_x,Hip.L_y,Hip.L_z,Knee.L_x,Knee.L_y,Knee.L_z,Ankle.L_x,Ankle.L_y,Ankle.L_z,Wrist.R_x,Wrist.R_y,Wrist.R_z,Elbow.R_x,Elbow.R_y,Elbow.R_z,Shoulder.R_x,Shoulder.R_y,Shoulder.R_z,Shoulder.L_x,Shoulder.L_y,Shoulder.L_z,Elbow.L_x,Elbow.L_y,Elbow.L_z,Wrist.L_x,Wrist.L_y,Wrist.L_z,Neck_x,Neck_y,Neck_z,Head_x,Head_y,Head_z,Nose_x,Nose_y,Nose_z,Eye.L_x,Eye.L_y,Eye.L_z,Eye.R_x,Eye.R_y,Eye.R_z,Ear.L_x,Ear.L_y,Ear.L_z,Ear.R_x,Ear.R_y,Ear.R_z,hip.Center_x,hip.Center_y,hip.Center_z
0,0.0025740531,-0.40927884,0.20978256,0.11251776,-0.01052272,0.26944572,-0.096477404,0.2700281,0.051997125,0.08279131,0.24934305,-0.09624957,0.11483359,-0.15493065,-0.0013946532,-0.005419068,-0.56356007,-0.07355239,-0.28162685,0.544532,0.34080738,-0.3357567,0.56126916,0.10178842,-0.12080705,0.69970125,0.012105484,0.14389801,0.6969717,-0.10038449,0.38395253,0.57982785,-0.14753896,0.52084726,0.71437746,-0.0027698288,0.018247088,0.74810606,-0.02741913,0.023634037,0.9520728,0.0010927706,0.033694178,0.85955596,0.12198022,0.06270462,0.9009825,0.08741286,-0.0025077946,0.8961904,0.08731954,0.10188101,0.8849095,-0.004770644,-0.043412007,0.87813175,-0.0029819831,-0.006843045353889465,0.25968557596206665,-0.022126223891973495
