frame,Ankle.R_x,Ankle.R_y,Ankle.R_z,Knee.R_x,Knee.R_y,Knee.R_z,Hip.R_x,Hip.R_y,Hip.R_z,Hip.L_x,Hip.L_y,Hip.L_z,Knee.L_x,Knee.L_y,Knee.L_z,Ankle.L_x,Ankle.L_y,Ankle.L_z,Wrist.R_x,Wrist.R_y,Wrist.R_z,Elbow.R_x,Elbow.R_y,Elbow.R_z,Shoulder.R_x,Shoulder.R_y,Shoulder.R_z,Shoulder.L_x,Shoulder.L_y,Shoulder.L_z,Elbow.L_x,Elbow.L_y,Elbow.L_z,Wrist.L_x,Wrist.L_y,Wrist.L_z,Neck_x,Neck_y,Neck_z,Head_x,Head_y,Head_z,Nose_x,Nose_y,Nose_z,Eye.L_x,Eye.L_y,Eye.L_z,Eye.R_x,Eye.R_y,Eye.R_z,Ear.L_x,Ear.L_y,Ear.L_z,Ear.R_x,Ear.R_y,Ear.R_z,hip.Center_x,hip.Center_y,hip.Center_z
0,-0.21972337,-0.46458837,-0.23474336,-0.12171813,-0.14179105,0.013465108,-0.11610187,0.272785,0.0252559,0.10715763,0.28240448,-0.04497711,0.17505984,-0.1161615,0.003274212,0.15673764,-0.45724037,-0.24782252,-0.096011676,0.70695907,0.3894085,-0.27990296,0.5804675,0.288906,-0.15223363,0.716246,0.0962215,0.12222892,0.7392348,-0.006509266,0.35386276,0.6036056,-0.0765552,0.49094847,0.68231946,0.101432845,-0.014470213,0.7841887,0.0628935,-0.013771932,1.0003445,0.117958575,0.012027664,0.89124894,0.2253406,0.036709286,0.93734014,0.1915865,-0.028621076,0.93268895,0.20015237,0.06268245,0.9336027,0.091595985,-0.0849284,0.92554414,0.11118263,-0.004472117871046066,0.27759474515914917,-0.009860605001449585
