frame,Ankle.R_x,Ankle.R_y,Ankle.R_z,Knee.R_x,Knee.R_y,Knee.R_z,Hip.R_x,Hip.R_y,Hip.R_z,Hip.L_x,Hip.L_y,Hip.L_z,Knee.L_x,Knee.L_y,Knee.L_z,Ankle.L_x,Ankle.L_y,Ankle.L_z,Wrist.R_x,Wrist.R_y,Wrist.R_z,Elbow.R_x,Elbow.R_y,Elbow.R_z,Shoulder.R_x,Shoulder.R_y,Shoulder.R_z,Shoulder.L_x,Shoulder.L_y,Shoulder.L_z,Elbow.L_x,Elbow.L_y,Elbow.L_z,Wrist.L_x,Wrist.L_y,Wrist.L_z,Neck_x,Neck_y,Neck_z,Head_x,Head_y,Head_z,Nose_x,Nose_y,Nose_z,Eye.L_x,Eye.L_y,Eye.L_z,Eye.R_x,Eye.R_y,Eye.R_z,Ear.L_x,Ear.L_y,Ear.L_z,Ear.R_x,Ear.R_y,Ear.R_z,hip.Center_x,hip.Center_y,hip.Center_z
0,-0.24754173,-0.43833396,-0.091845736,-0.12940577,-0.10108779,0.108152196,-0.11486395,0.2997908,0.020358741,0.10689135,0.27625075,-0.05567746,0.15674104,-0.083868496,0.088505924,0.14722578,-0.44682252,-0.11270066,-0.1077543,0.5895854,0.3294071,-0.25042295,0.55996144,0.14144632,-0.050765432,0.7340292,0.116174124,0.22886246,0.70014536,0.01673017,0.35906154,0.49269903,-0.10453337,0.4996138,0.5394089,0.07392508,0.10884055,0.773933,0.09865505,0.1441056,0.98187274,0.16467793,0.18427052,0.86597276,0.26107827,0.20454764,0.9114026,0.2229174,0.14261603,0.9113494,0.24657011,0.20758204,0.9100975,0.119819,0.066075325,0.9122751,0.1734912,-0.00398629903793335,0.2880207896232605,-0.01765935868024826
