frame,Ankle.R_x,Ankle.R_y,Ankle.R_z,Knee.R_x,Knee.R_y,Knee.R_z,Hip.R_x,Hip.R_y,Hip.R_z,Hip.L_x,Hip.L_y,Hip.L_z,Knee.L_x,Knee.L_y,Knee.L_z,Ankle.L_x,Ankle.L_y,Ankle.L_z,Wrist.R_x,Wrist.R_y,Wrist.R_z,Elbow.R_x,Elbow.R_y,Elbow.R_z,Shoulder.R_x,Shoulder.R_y,Shoulder.R_z,Shoulder.L_x,Shoulder.L_y,Shoulder.L_z,Elbow.L_x,Elbow.L_y,Elbow.L_z,Wrist.L_x,Wrist.L_y,Wrist.L_z,Neck_x,Neck_y,Neck_z,Head_x,Head_y,Head_z,Nose_x,Nose_y,Nose_z,Eye.L_x,Eye.L_y,Eye.L_z,Eye.R_x,Eye.R_y,Eye.R_z,Ear.L_x,Ear.L_y,Ear.L_z,Ear.R_x,Ear.R_y,Ear.R_z,hip.Center_x,hip.Center_y,hip.Center_z
0,-0.18837486,-0.44957125,-0.14198843,-0.077250704,-0.1364567,0.110471696,-0.115977466,0.277376,0.023511007,0.10439301,0.27630734,-0.059993405,0.18876357,-0.07007101,0.13191304,0.16282408,-0.44139338,-0.06840464,0.06314552,0.6367395,0.3857874,-0.16881298,0.60021955,0.3046568,-0.10096702,0.7325008,0.088146865,0.15304656,0.70846486,-0.058167234,0.32218105,0.5077827,-0.12846167,0.4565814,0.61237603,0.0359765,0.039578162,0.77595234,0.03114328,0.11530739,0.9717668,0.10775659,0.13038555,0.838483,0.18150803,0.15871431,0.8821684,0.14821555,0.10085834,0.8937083,0.17762572,0.1535762,0.89677393,0.047815286,0.022934556,0.9230859,0.11435757,-0.005792226642370224,0.2768416702747345,-0.018241198733448982
