frame,Ankle.R_x,Ankle.R_y,Ankle.R_z,Knee.R_x,Knee.R_y,Knee.R_z,Hip.R_x,Hip.R_y,Hip.R_z,Hip.L_x,Hip.L_y,Hip.L_z,Knee.L_x,Knee.L_y,Knee.L_z,Ankle.L_x,Ankle.L_y,Ankle.L_z,Wrist.R_x,Wrist.R_y,Wrist.R_z,Elbow.R_x,Elbow.R_y,Elbow.R_z,Shoulder.R_x,Shoulder.R_y,Shoulder.R_z,Shoulder.L_x,Shoulder.L_y,Shoulder.L_z,Elbow.L_x,Elbow.L_y,Elbow.L_z,Wrist.L_x,Wrist.L_y,Wrist.L_z,Neck_x,Neck_y,Neck_z,Head_x,Head_y,Head_z,Nose_x,Nose_y,Nose_z,Eye.L_x,Eye.L_y,Eye.L_z,Eye.R_x,Eye.R_y,Eye.R_z,Ear.L_x,Ear.L_y,Ear.L_z,Ear.R_x,Ear.R_y,Ear.R_z,hip.Center_x,hip.Center_y,hip.Center_z
0,-0.14067511,-0.52695936,-0.09388033,-0.09210196,-0.1441821,0.10059557,-0.115545675,0.2762925,0.017586544,0.10928577,0.2652516,-0.0476033,0.11803942,-0.15430476,-0.01885951,0.067259245,-0.55541337,-0.19033343,-0.2593075,0.5806376,0.29281637,-0.31260282,0.5149621,0.061335795,-0.11365057,0.7078683,0.0700095,0.17743137,0.6915482,0.013141581,0.3355647,0.47447836,-0.06838038,0.5333446,0.5071533,0.067724034,0.041986845,0.76119936,0.07127123,0.06254061,0.97017515,0.11825746,0.046006557,0.87139153,0.23549159,0.08464484,0.91072935,0.20587955,0.019104924,0.91421854,0.19784136,0.13457865,0.89361936,0.117674105,-0.01255678,0.9035811,0.10022174,-0.0031299516558647156,0.2707720398902893,-0.015008378773927689
