frame,Ankle.R_x,Ankle.R_y,Ankle.R_z,Knee.R_x,Knee.R_y,Knee.R_z,Hip.R_x,Hip.R_y,Hip.R_z,Hip.L_x,Hip.L_y,Hip.L_z,Knee.L_x,Knee.L_y,Knee.L_z,Ankle.L_x,Ankle.L_y,Ankle.L_z,Wrist.R_x,Wrist.R_y,Wrist.R_z,Elbow.R_x,Elbow.R_y,Elbow.R_z,Shoulder.R_x,Shoulder.R_y,Shoulder.R_z,Shoulder.L_x,Shoulder.L_y,Shoulder.L_z,Elbow.L_x,Elbow.L_y,Elbow.L_z,Wrist.L_x,Wrist.L_y,Wrist.L_z,Neck_x,Neck_y,Neck_z,Head_x,Head_y,Head_z,Nose_x,Nose_y,Nose_z,Eye.L_x,Eye.L_y,Eye.L_z,Eye.R_x,Eye.R_y,Eye.R_z,Ear.L_x,Ear.L_y,Ear.L_z,Ear.R_x,Ear.R_y,Ear.R_z,hip.Center_x,hip.Center_y,hip.Center_z
0,-0.12819144,-0.5227082,-0.047190133,-0.067705095,-0.13809228,0.13354477,-0.11070741,0.2714445,0.027161084,0.105921976,0.26179796,-0.056408767,0.0946281,-0.15827283,-0.04280581,0.020114532,-0.55841506,-0.20159769,-0.32751167,0.6987178,0.29493254,-0.3572452,0.60432124,0.07092872,-0.11046271,0.72211975,0.05212565,0.17167152,0.69518936,-0.010468889,0.36021972,0.49873936,-0.050344683,0.5151545,0.60894746,0.09514554,0.040628307,0.76322603,0.045254525,0.06731076,0.9684283,0.075576685,0.059259966,0.87940586,0.20104635,0.09565593,0.9151373,0.16542237,0.029994316,0.9200808,0.16303778,0.13585906,0.8901764,0.07506382,-0.010598965,0.90348756,0.070249125,-0.002392716705799103,0.2666212320327759,-0.014623841270804405
