frame,Ankle.R_x,Ankle.R_y,Ankle.R_z,Knee.R_x,Knee.R_y,Knee.R_z,Hip.R_x,Hip.R_y,Hip.R_z,Hip.L_x,Hip.L_y,Hip.L_z,Knee.L_x,Knee.L_y,Knee.L_z,Ankle.L_x,Ankle.L_y,Ankle.L_z,Wrist.R_x,Wrist.R_y,Wrist.R_z,Elbow.R_x,Elbow.R_y,Elbow.R_z,Shoulder.R_x,Shoulder.R_y,Shoulder.R_z,Shoulder.L_x,Shoulder.L_y,Shoulder.L_z,Elbow.L_x,Elbow.L_y,Elbow.L_z,Wrist.L_x,Wrist.L_y,Wrist.L_z,Neck_x,Neck_y,Neck_z,Head_x,Head_y,Head_z,Nose_x,Nose_y,Nose_z,Eye.L_x,Eye.L_y,Eye.L_z,Eye.R_x,Eye.R_y,Eye.R_z,Ear.L_x,Ear.L_y,Ear.L_z,Ear.R_x,Ear.R_y,Ear.R_z,hip.Center_x,hip.Center_y,hip.Center_z
0,-0.12922043,-0.5066924,-0.054186054,-0.06565917,-0.1306324,0.13313045,-0.11636206,0.276124,0.015571428,0.10720086,0.2672976,-0.050692577,0.13316806,-0.13527192,0.053235102,0.059392303,-0.53231966,-0.09921128,-0.27860516,0.5794076,0.28614703,-0.34112376,0.55033565,0.050687954,-0.121251106,0.7156501,0.04069446,0.17115165,0.69435585,-0.012733852,0.34858054,0.49363723,-0.092874825,0.556026,0.51102936,0.029777952,0.03602976,0.7647379,0.041231077,0.06666089,0.9734577,0.08959425,0.06766369,0.8706816,0.20375957,0.10154744,0.90934145,0.16885461,0.036193047,0.9159231,0.17362867,0.13261445,0.8943467,0.07293675,-0.014661334,0.91107,0.08354451,-0.004580598324537277,0.2717108130455017,-0.017560575157403946
