frame,Ankle.R_x,Ankle.R_y,Ankle.R_z,Knee.R_x,Knee.R_y,Knee.R_z,Hip.R_x,Hip.R_y,Hip.R_z,Hip.L_x,Hip.L_y,Hip.L_z,Knee.L_x,Knee.L_y,Knee.L_z,Ankle.L_x,Ankle.L_y,Ankle.L_z,Wrist.R_x,Wrist.R_y,Wrist.R_z,Elbow.R_x,Elbow.R_y,Elbow.R_z,Shoulder.R_x,Shoulder.R_y,Shoulder.R_z,Shoulder.L_x,Shoulder.L_y,Shoulder.L_z,Elbow.L_x,Elbow.L_y,Elbow.L_z,Wrist.L_x,Wrist.L_y,Wrist.L_z,Neck_x,Neck_y,Neck_z,Head_x,Head_y,Head_z,Nose_x,Nose_y,Nose_z,Eye.L_x,Eye.L_y,Eye.L_z,Eye.R_x,Eye.R_y,Eye.R_z,Ear.L_x,Ear.L_y,Ear.L_z,Ear.R_x,Ear.R_y,Ear.R_z,hip.Center_x,hip.Center_y,hip.Center_z
0,-0.2509969,-0.4425111,-0.0920892,-0.13045065,-0.10305433,0.1057037,-0.11439091,0.29975203,0.021634607,0.10697378,0.2753834,-0.05674531,0.15520425,-0.088502645,0.08264162,0.14595445,-0.4503922,-0.12340179,-0.12277238,0.57608503,0.3274516,-0.25164926,0.5576605,0.12814727,-0.047703497,0.73093945,0.12029007,0.23141977,0.6974603,0.018578574,0.35778785,0.49037382,-0.10892585,0.5010249,0.5334013,0.06907331,0.111829236,0.7710147,0.10280781,0.14123255,0.97922385,0.16654001,0.17927453,0.86643946,0.26775452,0.20042375,0.91169596,0.22980197,0.13725588,0.9103019,0.24992514,0.20938942,0.9082577,0.12684093,0.06520242,0.90758467,0.1726795,-0.00370856374502182,0.28756773471832275,-0.017555352300405502
