frame,Ankle.R_x,Ankle.R_y,Ankle.R_z,Knee.R_x,Knee.R_y,Knee.R_z,Hip.R_x,Hip.R_y,Hip.R_z,Hip.L_x,Hip.L_y,Hip.L_z,Knee.L_x,Knee.L_y,Knee.L_z,Ankle.L_x,Ankle.L_y,Ankle.L_z,Wrist.R_x,Wrist.R_y,Wrist.R_z,Elbow.R_x,Elbow.R_y,Elbow.R_z,Shoulder.R_x,Shoulder.R_y,Shoulder.R_z,Shoulder.L_x,Shoulder.L_y,Shoulder.L_z,Elbow.L_x,Elbow.L_y,Elbow.L_z,Wrist.L_x,Wrist.L_y,Wrist.L_z,Neck_x,Neck_y,Neck_z,Head_x,Head_y,Head_z,Nose_x,Nose_y,Nose_z,Eye.L_x,Eye.L_y,Eye.L_z,Eye.R_x,Eye.R_y,Eye.R_z,Ear.L_x,Ear.L_y,Ear.L_z,Ear.R_x,Ear.R_y,Ear.R_z,hip.Center_x,hip.Center_y,hip.Center_z
0,-0.0037960866,-0.41391292,0.26055893,0.12014354,-0.01091541,0.26705724,-0.0963269,0.27398676,0.052044995,0.082950115,0.24832883,-0.098597124,0.122256346,-0.15044114,0.03154,-0.03210886,-0.5516193,-0.02524791,-0.26614347,0.5507857,0.32475203,-0.33948568,0.5385339,0.08945584,-0.1320445,0.6951552,0.0046820277,0.14169218,0.6865954,-0.10485828,0.34345323,0.5029346,-0.1517553,0.545634,0.5561763,-0.027590483,0.013048817,0.74759746,-0.033627488,0.024558676,0.95536786,0.0011695467,0.06366411,0.8582889,0.11225655,0.08376318,0.8995804,0.0715819,0.020988725,0.89748734,0.09028945,0.09471672,0.8854457,-0.027902864,-0.04529689,0.88358176,0.0143581405,-0.006688393652439117,0.2611578106880188,-0.023276064544916153
