frame,Ankle.R_x,Ankle.R_y,Ankle.R_z,Knee.R_x,Knee.R_y,Knee.R_z,Hip.R_x,Hip.R_y,Hip.R_z,Hip.L_x,Hip.L_y,Hip.L_z,Knee.L_x,Knee.L_y,Knee.L_z,Ankle.L_x,Ankle.L_y,Ankle.L_z,Wrist.R_x,Wrist.R_y,Wrist.R_z,Elbow.R_x,Elbow.R_y,Elbow.R_z,Shoulder.R_x,Shoulder.R_y,Shoulder.R_z,Shoulder.L_x,Shoulder.L_y,Shoulder.L_z,Elbow.L_x,Elbow.L_y,Elbow.L_z,Wrist.L_x,Wrist.L_y,Wrist.L_z,Neck_x,Neck_y,Neck_z,Head_x,Head_y,Head_z,Nose_x,Nose_y,Nose_z,Eye.L_x,Eye.L_y,Eye.L_z,Eye.R_x,Eye.R_y,Eye.R_z,Ear.L_x,Ear.L_y,Ear.L_z,Ear.R_x,Ear.R_y,Ear.R_z,hip.Center_x,hip.Center_y,hip.Center_z
0,-0.053431533,-0.49586588,0.2810728,0.091938846,-0.085195825,0.24366823,-0.08611332,0.25929272,0.06233283,0.074930415,0.23869815,-0.10808422,0.20394762,-0.14559777,0.02306036,0.09366931,-0.5701943,-0.05981363,-0.22052206,0.37771705,0.39448875,-0.2921735,0.47808748,0.16863011,-0.15071674,0.65813446,0.011450751,0.0973572,0.65684944,-0.1385521,0.30956832,0.47887883,-0.16094309,0.50189793,0.49895686,-0.00020153413,-0.01881802,0.7125836,-0.054585077,0.025368031,0.9115796,-0.002771084,0.075943016,0.7911992,0.07180971,0.09047984,0.83650655,0.03470196,0.03706126,0.83868927,0.071544334,0.06829479,0.8423774,-0.061005525,-0.048900887,0.8487122,0.020331487,-0.005591452121734619,0.24899543821811676,-0.022875692695379257
