frame,Ankle.R_x,Ankle.R_y,Ankle.R_z,Knee.R_x,Knee.R_y,Knee.R_z,Hip.R_x,Hip.R_y,Hip.R_z,Hip.L_x,Hip.L_y,Hip.L_z,Knee.L_x,Knee.L_y,Knee.L_z,Ankle.L_x,Ankle.L_y,Ankle.L_z,Wrist.R_x,Wrist.R_y,Wrist.R_z,Elbow.R_x,Elbow.R_y,Elbow.R_z,Shoulder.R_x,Shoulder.R_y,Shoulder.R_z,Shoulder.L_x,Shoulder.L_y,Shoulder.L_z,Elbow.L_x,Elbow.L_y,Elbow.L_z,Wrist.L_x,Wrist.L_y,Wrist.L_z,Neck_x,Neck_y,Neck_z,Head_x,Head_y,Head_z,Nose_x,Nose_y,Nose_z,Eye.L_x,Eye.L_y,Eye.L_z,Eye.R_x,Eye.R_y,Eye.R_z,Ear.L_x,Ear.L_y,Ear.L_z,Ear.R_x,Ear.R_y,Ear.R_z,hip.Center_x,hip.Center_y,hip.Center_z
0,-0.13080826,-0.51450384,-0.037228927,-0.06278313,-0.13217694,0.15022846,-0.117000476,0.27260962,0.014258217,0.10854479,0.26327825,-0.051583324,0.123064734,-0.14651547,0.05174275,0.042979337,-0.54791754,-0.10524344,-0.28015566,0.5936942,0.29144567,-0.3498037,0.5530153,0.05653606,-0.1256475,0.71325314,0.034404002,0.16636679,0.69218624,-0.016838752,0.3492123,0.4884295,-0.078933276,0.5623545,0.505078,0.04101667,0.030543262,0.7606308,0.03477399,0.06100031,0.9666625,0.08797228,0.06793399,0.8598712,0.19783139,0.09995871,0.8996782,0.16264594,0.034969818,0.90621185,0.17132801,0.12538314,0.88845444,0.06496614,-0.020815589,0.9045198,0.08419366,-0.004227843135595322,0.2679439187049866,-0.018662553280591965
