frame,Ankle.R_x,Ankle.R_y,Ankle.R_z,Knee.R_x,Knee.R_y,Knee.R_z,Hip.R_x,Hip.R_y,Hip.R_z,Hip.L_x,Hip.L_y,Hip.L_z,Knee.L_x,Knee.L_y,Knee.L_z,Ankle.L_x,Ankle.L_y,Ankle.L_z,Wrist.R_x,Wrist.R_y,Wrist.R_z,Elbow.R_x,Elbow.R_y,Elbow.R_z,Shoulder.R_x,Shoulder.R_y,Shoulder.R_z,Shoulder.L_x,Shoulder.L_y,Shoulder.L_z,Elbow.L_x,Elbow.L_y,Elbow.L_z,Wrist.L_x,Wrist.L_y,Wrist.L_z,Neck_x,Neck_y,Neck_z,Head_x,Head_y,Head_z,Nose_x,Nose_y,Nose_z,Eye.L_x,Eye.L_y,Eye.L_z,Eye.R_x,Eye.R_y,Eye.R_z,Ear.L_x,Ear.L_y,Ear.L_z,Ear.R_x,Ear.R_y,Ear.R_z,hip.Center_x,hip.Center_y,hip.Center_z
0,-0.016083928,-0.4096928,0.215164,0.10388182,-0.00786869,0.2843297,-0.10204014,0.26666287,0.04738868,0.08853867,0.25244024,-0.09368951,0.1128143,-0.16221882,-0.009289554,-0.014067183,-0.5706179,-0.114758395,-0.30125487,0.5242426,0.3395217,-0.35206354,0.53381157,0.095337495,-0.14594513,0.6957665,0.011317635,0.13265416,0.69160646,-0.08749366,0.33926424,0.50886905,-0.082755744,0.4962249,0.60191965,0.07938317,-0.0012050755,0.7504401,-0.023957537,0.0079880925,0.9592284,0.0043110875,0.03178368,0.86493945,0.12209762,0.057136506,0.9052621,0.08319725,-0.007596734,0.9038289,0.09374495,0.08047842,0.8881211,-0.013613578,-0.06350069,0.8880903,0.010345034,-0.0067507363855838776,0.2595515549182892,-0.02315041422843933
