frame,Ankle.R_x,Ankle.R_y,Ankle.R_z,Knee.R_x,Knee.R_y,Knee.R_z,Hip.R_x,Hip.R_y,Hip.R_z,Hip.L_x,Hip.L_y,Hip.L_z,Knee.L_x,Knee.L_y,Knee.L_z,Ankle.L_x,Ankle.L_y,Ankle.L_z,Wrist.R_x,Wrist.R_y,Wrist.R_z,Elbow.R_x,Elbow.R_y,Elbow.R_z,Shoulder.R_x,Shoulder.R_y,Shoulder.R_z,Shoulder.L_x,Shoulder.L_y,Shoulder.L_z,Elbow.L_x,Elbow.L_y,Elbow.L_z,Wrist.L_x,Wrist.L_y,Wrist.L_z,Neck_x,Neck_y,Neck_z,Head_x,Head_y,Head_z,Nose_x,Nose_y,Nose_z,Eye.L_x,Eye.L_y,Eye.L_z,Eye.R_x,Eye.R_y,Eye.R_z,Ear.L_x,Ear.L_y,Ear.L_z,Ear.R_x,Ear.R_y,Ear.R_z,hip.Center_x,hip.Center_y,hip.Center_z
0,-0.09340249,-0.50428784,-0.21519582,-0.06656538,-0.14794573,0.0023873926,-0.11243558,0.26980138,0.026488623,0.1071672,0.27192694,-0.039080225,0.07769126,-0.13950719,-0.07583083,0.019992178,-0.50444496,-0.28243592,-0.32071456,0.6444984,0.26717594,-0.36257327,0.5603656,0.049854457,-0.14743394,0.72293365,0.046648398,0.13115957,0.72766167,-0.014328407,0.30258256,0.5471647,-0.1267581,0.46889865,0.6100831,0.019623412,-0.003495467,0.78456146,0.045160472,-0.0035407278,0.99824464,0.07499093,-0.034745857,0.9073087,0.19700874,0.0053445753,0.94813144,0.17168464,-0.057090953,0.9441072,0.15078571,0.072963536,0.9289931,0.09595738,-0.06704442,0.9236143,0.050028108,-0.002634190022945404,0.2708641588687897,-0.006295801140367985
