frame,Ankle.R_x,Ankle.R_y,Ankle.R_z,Knee.R_x,Knee.R_y,Knee.R_z,Hip.R_x,Hip.R_y,Hip.R_z,Hip.L_x,Hip.L_y,Hip.L_z,Knee.L_x,Knee.L_y,Knee.L_z,Ankle.L_x,Ankle.L_y,Ankle.L_z,Wrist.R_x,Wrist.R_y,Wrist.R_z,Elbow.R_x,Elbow.R_y,Elbow.R_z,Shoulder.R_x,Shoulder.R_y,Shoulder.R_z,Shoulder.L_x,Shoulder.L_y,Shoulder.L_z,Elbow.L_x,Elbow.L_y,Elbow.L_z,Wrist.L_x,Wrist.L_y,Wrist.L_z,Neck_x,Neck_y,Neck_z,Head_x,Head_y,Head_z,Nose_x,Nose_y,Nose_z,Eye.L_x,Eye.L_y,Eye.L_z,Eye.R_x,Eye.R_y,Eye.R_z,Ear.L_x,Ear.L_y,Ear.L_z,Ear.R_x,Ear.R_y,Ear.R_z,hip.Center_x,hip.Center_y,hip.Center_z
0,-0.25532573,-0.42264262,-0.1344504,-0.14281483,-0.10118184,0.08792416,-0.11521281,0.3004167,0.018897254,0.107742794,0.27882612,-0.050432663,0.15404086,-0.08715451,0.07669323,0.13975973,-0.43177897,-0.14915472,-0.13504167,0.6224657,0.3311933,-0.27541593,0.5881846,0.14362578,-0.055528168,0.73908025,0.10982536,0.22991583,0.7034204,0.02061307,0.40106615,0.5208867,-0.092808604,0.52716804,0.57547134,0.09410192,0.10634361,0.7785357,0.094698995,0.1533093,0.98974776,0.1515603,0.19477347,0.8751179,0.24861938,0.21421017,0.9180191,0.2070689,0.15474659,0.92246526,0.23605412,0.20803486,0.9132103,0.104470536,0.07170612,0.9254129,0.16927102,-0.003735009580850601,0.28962141275405884,-0.01576770469546318
