frame,Ankle.R_x,Ankle.R_y,Ankle.R_z,Knee.R_x,Knee.R_y,Knee.R_z,Hip.R_x,Hip.R_y,Hip.R_z,Hip.L_x,Hip.L_y,Hip.L_z,Knee.L_x,Knee.L_y,Knee.L_z,Ankle.L_x,Ankle.L_y,Ankle.L_z,Wrist.R_x,Wrist.R_y,Wrist.R_z,Elbow.R_x,Elbow.R_y,Elbow.R_z,Shoulder.R_x,Shoulder.R_y,Shoulder.R_z,Shoulder.L_x,Shoulder.L_y,Shoulder.L_z,Elbow.L_x,Elbow.L_y,Elbow.L_z,Wrist.L_x,Wrist.L_y,Wrist.L_z,Neck_x,Neck_y,Neck_z,Head_x,Head_y,Head_z,Nose_x,Nose_y,Nose_z,Eye.L_x,Eye.L_y,Eye.L_z,Eye.R_x,Eye.R_y,Eye.R_z,Ear.L_x,Ear.L_y,Ear.L_z,Ear.R_x,Ear.R_y,Ear.R_z,hip.Center_x,hip.Center_y,hip.Center_z
0,-0.215947,-0.44774342,-0.1337401,-0.10222351,-0.12457302,0.09908,-0.1154487,0.28765976,0.023142383,0.10492427,0.2775539,-0.056993622,0.17451066,-0.08158192,0.10517626,0.16536565,-0.4514927,-0.09395473,0.028074482,0.65556604,0.3600876,-0.18860114,0.5921388,0.26776338,-0.082018115,0.74542165,0.08525365,0.17870574,0.7130398,-0.05144886,0.33153993,0.5020374,-0.13216487,0.4872776,0.600729,0.012124459,0.06566566,0.78613913,0.035881463,0.13897,0.9859698,0.11099891,0.16294684,0.85343033,0.1860036,0.18801844,0.8983278,0.15109077,0.13065434,0.90745854,0.18257383,0.17882873,0.9114666,0.050124727,0.04852149,0.9331177,0.12143227,-0.005262214690446854,0.282606840133667,-0.016925619915127754
