frame,Ankle.R_x,Ankle.R_y,Ankle.R_z,Knee.R_x,Knee.R_y,Knee.R_z,Hip.R_x,Hip.R_y,Hip.R_z,Hip.L_x,Hip.L_y,Hip.L_z,Knee.L_x,Knee.L_y,Knee.L_z,Ankle.L_x,Ankle.L_y,Ankle.L_z,Wrist.R_x,Wrist.R_y,Wrist.R_z,Elbow.R_x,Elbow.R_y,Elbow.R_z,Shoulder.R_x,Shoulder.R_y,Shoulder.R_z,Shoulder.L_x,Shoulder.L_y,Shoulder.L_z,Elbow.L_x,Elbow.L_y,Elbow.L_z,Wrist.L_x,Wrist.L_y,Wrist.L_z,Neck_x,Neck_y,Neck_z,Head_x,Head_y,Head_z,Nose_x,Nose_y,Nose_z,Eye.L_x,Eye.L_y,Eye.L_z,Eye.R_x,Eye.R_y,Eye.R_z,Ear.L_x,Ear.L_y,Ear.L_z,Ear.R_x,Ear.R_y,Ear.R_z,hip.Center_x,hip.Center_y,hip.Center_z
0,-0.13471054,-0.5116401,-0.029249508,-0.059256773,-0.13148844,0.1502768,-0.11127275,0.27134857,0.02666213,0.10480489,0.26258743,-0.05871923,0.11871921,-0.15314208,-0.0137854805,0.046471357,-0.5533575,-0.16844934,-0.31655854,0.6661411,0.27626124,-0.35275847,0.58351564,0.049880005,-0.114528656,0.7172489,0.042829115,0.1665264,0.69837016,-0.020325016,0.3544548,0.5127107,-0.09552829,0.5008756,0.5995237,0.07129478,0.035996605,0.7617833,0.038774658,0.06471186,0.96589917,0.07602586,0.050946753,0.8732274,0.19814576,0.08901688,0.90954244,0.16510987,0.023621572,0.9153875,0.1603527,0.13227805,0.8869222,0.075576395,-0.013608452,0.90225446,0.06585346,-0.0032339319586753845,0.2669680118560791,-0.016028549522161484
