frame,Ankle.R_x,Ankle.R_y,Ankle.R_z,Knee.R_x,Knee.R_y,Knee.R_z,Hip.R_x,Hip.R_y,Hip.R_z,Hip.L_x,Hip.L_y,Hip.L_z,Knee.L_x,Knee.L_y,Knee.L_z,Ankle.L_x,Ankle.L_y,Ankle.L_z,Wrist.R_x,Wrist.R_y,Wrist.R_z,Elbow.R_x,Elbow.R_y,Elbow.R_z,Shoulder.R_x,Shoulder.R_y,Shoulder.R_z,Shoulder.L_x,Shoulder.L_y,Shoulder.L_z,Elbow.L_x,Elbow.L_y,Elbow.L_z,Wrist.L_x,Wrist.L_y,Wrist.L_z,Neck_x,Neck_y,Neck_z,Head_x,Head_y,Head_z,Nose_x,Nose_y,Nose_z,Eye.L_x,Eye.L_y,Eye.L_z,Eye.R_x,Eye.R_y,Eye.R_z,Ear.L_x,Ear.L_y,Ear.L_z,Ear.R_x,Ear.R_y,Ear.R_z,hip.Center_x,hip.Center_y,hip.Center_z
0,-0.17013429,-0.44885138,-0.24001542,-0.09839061,-0.15086775,0.041544735,-0.11714652,0.26525918,0.021058692,0.10513452,0.28486818,-0.044809237,0.19995445,-0.100408845,0.04178376,0.20786539,-0.43592206,-0.21478961,0.04952022,0.68992686,0.4264814,-0.18124452,0.63411266,0.35136217,-0.15132312,0.7171208,0.10373752,0.10772445,0.71969813,-0.031524077,0.3173368,0.5512947,-0.07759224,0.43076885,0.6378466,0.1108291,-0.020934206,0.77597356,0.047268476,0.0051981066,0.98960435,0.10715996,0.033005685,0.87091005,0.19994432,0.057578065,0.9162204,0.16570735,-0.0053512156,0.91824603,0.18459058,0.06671075,0.91810435,0.06423013,-0.07493332,0.9242699,0.106911466,-0.006006002426147461,0.275063693523407,-0.01187527272850275
