frame,Ankle.R_x,Ankle.R_y,Ankle.R_z,Knee.R_x,Knee.R_y,Knee.R_z,Hip.R_x,Hip.R_y,Hip.R_z,Hip.L_x,Hip.L_y,Hip.L_z,Knee.L_x,Knee.L_y,Knee.L_z,Ankle.L_x,Ankle.L_y,Ankle.L_z,Wrist.R_x,Wrist.R_y,Wrist.R_z,Elbow.R_x,Elbow.R_y,Elbow.R_z,Shoulder.R_x,Shoulder.R_y,Shoulder.R_z,Shoulder.L_x,Shoulder.L_y,Shoulder.L_z,Elbow.L_x,Elbow.L_y,Elbow.L_z,Wrist.L_x,Wrist.L_y,Wrist.L_z,Neck_x,Neck_y,Neck_z,Head_x,Head_y,Head_z,Nose_x,Nose_y,Nose_z,Eye.L_x,Eye.L_y,Eye.L_z,Eye.R_x,Eye.R_y,Eye.R_z,Ear.L_x,Ear.L_y,Ear.L_z,Ear.R_x,Ear.R_y,Ear.R_z,hip.Center_x,hip.Center_y,hip.Center_z
0,-0.22386582,-0.47533333,-0.22588572,-0.13139486,-0.13255696,-0.003967317,-0.11474016,0.2832592,0.027450725,0.10852093,0.2776294,-0.0443364,0.14171535,-0.12482656,-0.034702376,0.13796549,-0.47397253,-0.2750362,-0.17915317,0.631637,0.33926138,-0.3258713,0.605077,0.15012057,-0.09528056,0.7390137,0.09946535,0.18557549,0.7227393,0.0135255335,0.3947909,0.5804436,-0.09954575,0.5380682,0.6771585,0.060003866,0.060061112,0.7841311,0.085961126,0.103132784,0.99213076,0.15196006,0.14267512,0.8731882,0.24527934,0.16290098,0.9178177,0.20630126,0.102993876,0.9211111,0.23420675,0.15832898,0.9177581,0.10362427,0.022046123,0.92715967,0.16526577,-0.003109615296125412,0.28044432401657104,-0.008442837744951248
