frame,Ankle.R_x,Ankle.R_y,Ankle.R_z,Knee.R_x,Knee.R_y,Knee.R_z,Hip.R_x,Hip.R_y,Hip.R_z,Hip.L_x,Hip.L_y,Hip.L_z,Knee.L_x,Knee.L_y,Knee.L_z,Ankle.L_x,Ankle.L_y,Ankle.L_z,Wrist.R_x,Wrist.R_y,Wrist.R_z,Elbow.R_x,Elbow.R_y,Elbow.R_z,Shoulder.R_x,Shoulder.R_y,Shoulder.R_z,Shoulder.L_x,Shoulder.L_y,Shoulder.L_z,Elbow.L_x,Elbow.L_y,Elbow.L_z,Wrist.L_x,Wrist.L_y,Wrist.L_z,Neck_x,Neck_y,Neck_z,Head_x,Head_y,Head_z,Nose_x,Nose_y,Nose_z,Eye.L_x,Eye.L_y,Eye.L_z,Eye.R_x,Eye.R_y,Eye.R_z,Ear.L_x,Ear.L_y,Ear.L_z,Ear.R_x,Ear.R_y,Ear.R_z,hip.Center_x,hip.Center_y,hip.Center_z
0,-0.09678935,-0.50202805,-0.065078706,-0.034924984,-0.13893127,0.13346592,-0.117396265,0.25225672,0.023997417,0.09987688,0.28058496,-0.059949964,0.24137053,-0.07303627,0.07567403,0.2429761,-0.4605005,-0.100762986,-0.2863805,0.5268457,0.3396001,-0.37240416,0.4620661,0.1219797,-0.19763899,0.6606225,0.05337408,0.08135461,0.72031033,-0.01187006,0.3270403,0.6289785,-0.09776482,0.44394818,0.6850876,0.10169855,-0.06016171,0.74585414,0.045781195,-0.06558143,0.95459247,0.10721411,-0.020708807,0.84573424,0.20457703,-0.003108181,0.8928734,0.16950016,-0.06543055,0.8858025,0.1881391,0.006262265,0.89239156,0.06954354,-0.13365309,0.87891626,0.110678494,-0.008759692311286926,0.266420841217041,-0.017976272851228714
