frame,Ankle.R_x,Ankle.R_y,Ankle.R_z,Knee.R_x,Knee.R_y,Knee.R_z,Hip.R_x,Hip.R_y,Hip.R_z,Hip.L_x,Hip.L_y,Hip.L_z,Knee.L_x,Knee.L_y,Knee.L_z,Ankle.L_x,Ankle.L_y,Ankle.L_z,Wrist.R_x,Wrist.R_y,Wrist.R_z,Elbow.R_x,Elbow.R_y,Elbow.R_z,Shoulder.R_x,Shoulder.R_y,Shoulder.R_z,Shoulder.L_x,Shoulder.L_y,Shoulder.L_z,Elbow.L_x,Elbow.L_y,Elbow.L_z,Wrist.L_x,Wrist.L_y,Wrist.L_z,Neck_x,Neck_y,Neck_z,Head_x,Head_y,Head_z,Nose_x,Nose_y,Nose_z,Eye.L_x,Eye.L_y,Eye.L_z,Eye.R_x,Eye.R_y,Eye.R_z,Ear.L_x,Ear.L_y,Ear.L_z,Ear.R_x,Ear.R_y,Ear.R_z,hip.Center_x,hip.Center_y,hip.Center_z
0,-0.24601288,-0.46388412,-0.10914077,-0.11545438,-0.12152806,0.08623832,-0.11259905,0.29089943,0.027225107,0.105447926,0.2717613,-0.058457155,0.15702127,-0.101495914,0.06602493,0.14294444,-0.47962236,-0.11807094,-0.112194546,0.634812,0.33819294,-0.26977575,0.5867881,0.16483784,-0.05517826,0.7337956,0.098004475,0.21917722,0.6948377,-0.008970233,0.38375908,0.5037994,-0.11793098,0.53315145,0.57885915,0.045636043,0.10274305,0.76933557,0.07108372,0.16008672,0.97385067,0.12854727,0.19925712,0.8558315,0.22130781,0.21927968,0.8983586,0.1802411,0.16136105,0.9050809,0.21140657,0.20897469,0.89648795,0.07852186,0.07719589,0.9132247,0.14830126,-0.003575563430786133,0.2813303470611572,-0.015616023913025856
