frame,Ankle.R_x,Ankle.R_y,Ankle.R_z,Knee.R_x,Knee.R_y,Knee.R_z,Hip.R_x,Hip.R_y,Hip.R_z,Hip.L_x,Hip.L_y,Hip.L_z,Knee.L_x,Knee.L_y,Knee.L_z,Ankle.L_x,Ankle.L_y,Ankle.L_z,Wrist.R_x,Wrist.R_y,Wrist.R_z,Elbow.R_x,Elbow.R_y,Elbow.R_z,Shoulder.R_x,Shoulder.R_y,Shoulder.R_z,Shoulder.L_x,Shoulder.L_y,Shoulder.L_z,Elbow.L_x,Elbow.L_y,Elbow.L_z,Wrist.L_x,Wrist.L_y,Wrist.L_z,Neck_x,Neck_y,Neck_z,Head_x,Head_y,Head_z,Nose_x,Nose_y,Nose_z,Eye.L_x,Eye.L_y,Eye.L_z,Eye.R_x,Eye.R_y,Eye.R_z,Ear.L_x,Ear.L_y,Ear.L_z,Ear.R_x,Ear.R_y,Ear.R_z,hip.Center_x,hip.Center_y,hip.Center_z
0,-0.041333355,-0.46351576,0.296517,0.1178087,-0.06548958,0.24806517,-0.08184667,0.261505,0.067187026,0.0697289,0.23947045,-0.11320214,0.20245326,-0.1418223,0.010610438,0.090216264,-0.56012374,-0.07672213,-0.23962173,0.4997592,0.46995744,-0.28504422,0.5533578,0.22448018,-0.12437184,0.6722083,0.03357356,0.10934749,0.6598018,-0.13313133,0.31820184,0.4907214,-0.19543742,0.50994647,0.520229,-0.041053265,0.0024250858,0.7173818,-0.04012689,0.041872114,0.9181153,-0.005577537,0.10247089,0.8092737,0.08014204,0.113081954,0.8510845,0.0377438,0.06084822,0.85432035,0.076378874,0.08702604,0.84520626,-0.057618447,-0.02746895,0.8540327,0.027711205,-0.006058882921934128,0.250487744808197,-0.023007556796073914
