frame,Ankle.R_x,Ankle.R_y,Ankle.R_z,Knee.R_x,Knee.R_y,Knee.R_z,Hip.R_x,Hip.R_y,Hip.R_z,Hip.L_x,Hip.L_y,Hip.L_z,Knee.L_x,Knee.L_y,Knee.L_z,Ankle.L_x,Ankle.L_y,Ankle.L_z,Wrist.R_x,Wrist.R_y,Wrist.R_z,Elbow.R_x,Elbow.R_y,Elbow.R_z,Shoulder.R_x,Shoulder.R_y,Shoulder.R_z,Shoulder.L_x,Shoulder.L_y,Shoulder.L_z,Elbow.L_x,Elbow.L_y,Elbow.L_z,Wrist.L_x,Wrist.L_y,Wrist.L_z,Neck_x,Neck_y,Neck_z,Head_x,Head_y,Head_z,Nose_x,Nose_y,Nose_z,Eye.L_x,Eye.L_y,Eye.L_z,Eye.R_x,Eye.R_y,Eye.R_z,Ear.L_x,Ear.L_y,Ear.L_z,Ear.R_x,Ear.R_y,Ear.R_z,hip.Center_x,hip.Center_y,hip.Center_z
0,-0.0045362385,-0.4905642,0.047015354,0.034631796,-0.09507439,0.16461967,-0.101843536,0.27616832,0.04560416,0.09439894,0.26944965,-0.074686214,0.057587527,-0.14140972,-0.0616211,-0.07144591,-0.52363586,-0.18915421,-0.27880123,0.6858692,0.26001787,-0.35430834,0.57462084,0.06698839,-0.12964088,0.7237651,0.044946663,0.14931092,0.7207849,-0.044468872,0.32494128,0.52990973,-0.130669,0.4487725,0.6637318,0.008663761,0.017235996,0.7816098,0.024651084,0.017480552,0.99339056,0.036958348,0.010293443,0.91477585,0.16985603,0.04432343,0.95302707,0.13384141,-0.020691961,0.9468173,0.12530904,0.09792042,0.9266361,0.049904685,-0.04828314,0.9169418,0.031097889,-0.003722298890352249,0.2728089690208435,-0.014541028067469597
