frame,Ankle.R_x,Ankle.R_y,Ankle.R_z,Knee.R_x,Knee.R_y,Knee.R_z,Hip.R_x,Hip.R_y,Hip.R_z,Hip.L_x,Hip.L_y,Hip.L_z,Knee.L_x,Knee.L_y,Knee.L_z,Ankle.L_x,Ankle.L_y,Ankle.L_z,Wrist.R_x,Wrist.R_y,Wrist.R_z,Elbow.R_x,Elbow.R_y,Elbow.R_z,Shoulder.R_x,Shoulder.R_y,Shoulder.R_z,Shoulder.L_x,Shoulder.L_y,Shoulder.L_z,Elbow.L_x,Elbow.L_y,Elbow.L_z,Wrist.L_x,Wrist.L_y,Wrist.L_z,Neck_x,Neck_y,Neck_z,Head_x,Head_y,Head_z,Nose_x,Nose_y,Nose_z,Eye.L_x,Eye.L_y,Eye.L_z,Eye.R_x,Eye.R_y,Eye.R_z,Ear.L_x,Ear.L_y,Ear.L_z,Ear.R_x,Ear.R_y,Ear.R_z,hip.Center_x,hip.Center_y,hip.Center_z
0,-0.059865404,-0.4687169,0.1384478,0.0089198565,-0.06957728,0.2706798,-0.12023084,0.24189523,0.017603308,0.101807155,0.26029557,-0.07420227,0.2492848,-0.03072827,0.1839749,0.20979041,-0.44686618,0.06610522,-0.35073236,0.47935092,0.35647896,-0.39349312,0.45595914,0.11064837,-0.2040377,0.6326809,0.015562797,0.06874231,0.69360435,-0.051390585,0.32359934,0.6163055,-0.12133648,0.45392781,0.6713485,0.07774957,-0.07057921,0.713007,0.0039077783,-0.07593325,0.91376704,0.066570394,-0.033661764,0.8027648,0.1603311,-0.014825836,0.8498492,0.12742496,-0.07727179,0.8433828,0.14539975,-0.0056561977,0.85255146,0.028791375,-0.14387742,0.8395405,0.06866204,-0.009211841970682144,0.25109541416168213,-0.028299480676651
