frame,Ankle.R_x,Ankle.R_y,Ankle.R_z,Knee.R_x,Knee.R_y,Knee.R_z,Hip.R_x,Hip.R_y,Hip.R_z,Hip.L_x,Hip.L_y,Hip.L_z,Knee.L_x,Knee.L_y,Knee.L_z,Ankle.L_x,Ankle.L_y,Ankle.L_z,Wrist.R_x,Wrist.R_y,Wrist.R_z,Elbow.R_x,Elbow.R_y,Elbow.R_z,Shoulder.R_x,Shoulder.R_y,Shoulder.R_z,Shoulder.L_x,Shoulder.L_y,Shoulder.L_z,Elbow.L_x,Elbow.L_y,Elbow.L_z,Wrist.L_x,Wrist.L_y,Wrist.L_z,Neck_x,Neck_y,Neck_z,Head_x,Head_y,Head_z,Nose_x,Nose_y,Nose_z,Eye.L_x,Eye.L_y,Eye.L_z,Eye.R_x,Eye.R_y,Eye.R_z,Ear.L_x,Ear.L_y,Ear.L_z,Ear.R_x,Ear.R_y,Ear.R_z,hip.Center_x,hip.Center_y,hip.Center_z
0,-0.21751244,-0.46249324,-0.16928788,-0.12419696,-0.12407056,0.048912127,-0.116317675,0.28872985,0.021567341,0.10823789,0.27686137,-0.046427984,0.14492829,-0.11179108,0.03077454,0.14657998,-0.472121,-0.1840385,-0.14881784,0.6160536,0.34875736,-0.30113146,0.597582,0.16524231,-0.075256325,0.73554367,0.106275074,0.20923984,0.70223445,0.015801758,0.40740103,0.534212,-0.08157131,0.56044847,0.62780905,0.06950109,0.08583094,0.775261,0.087125786,0.14365855,0.9843321,0.13739859,0.19706681,0.86765385,0.22556996,0.21038058,0.9097041,0.18125765,0.15790638,0.91672945,0.2210144,0.18451983,0.9061126,0.08257909,0.063973755,0.92388856,0.17056268,-0.004039891064167023,0.28279560804367065,-0.012430321425199509
