frame,Ankle.R_x,Ankle.R_y,Ankle.R_z,Knee.R_x,Knee.R_y,Knee.R_z,Hip.R_x,Hip.R_y,Hip.R_z,Hip.L_x,Hip.L_y,Hip.L_z,Knee.L_x,Knee.L_y,Knee.L_z,Ankle.L_x,Ankle.L_y,Ankle.L_z,Wrist.R_x,Wrist.R_y,Wrist.R_z,Elbow.R_x,Elbow.R_y,Elbow.R_z,Shoulder.R_x,Shoulder.R_y,Shoulder.R_z,Shoulder.L_x,Shoulder.L_y,Shoulder.L_z,Elbow.L_x,Elbow.L_y,Elbow.L_z,Wrist.L_x,Wrist.L_y,Wrist.L_z,Neck_x,Neck_y,Neck_z,Head_x,Head_y,Head_z,Nose_x,Nose_y,Nose_z,Eye.L_x,Eye.L_y,Eye.L_z,Eye.R_x,Eye.R_y,Eye.R_z,Ear.L_x,Ear.L_y,Ear.L_z,Ear.R_x,Ear.R_y,Ear.R_z,hip.Center_x,hip.Center_y,hip.Center_z
0,-0.0036469446,-0.43725684,0.15062018,0.05774618,-0.0394174,0.23360762,-0.102684036,0.28129253,0.042047128,0.0925361,0.26130038,-0.07978898,0.06251716,-0.14505102,-0.020448813,-0.075266086,-0.53378105,-0.110232174,-0.3173901,0.7384253,0.28124708,-0.35200736,0.61977804,0.078729495,-0.11100356,0.7289379,0.027342014,0.16671912,0.70936936,-0.062037162,0.35665655,0.52444136,-0.12221419,0.5228437,0.64911634,-0.018825138,0.036416143,0.77551943,0.0026473054,0.043244537,0.98452824,0.005000902,0.04309686,0.91350484,0.1417851,0.075623706,0.9481486,0.10162864,0.010009542,0.9442506,0.098261,0.12148473,0.9154798,0.015524181,-0.026180197,0.91072863,0.008370647,-0.005073968321084976,0.2712964415550232,-0.018870927393436432
