frame,Ankle.R_x,Ankle.R_y,Ankle.R_z,Knee.R_x,Knee.R_y,Knee.R_z,Hip.R_x,Hip.R_y,Hip.R_z,Hip.L_x,Hip.L_y,Hip.L_z,Knee.L_x,Knee.L_y,Knee.L_z,Ankle.L_x,Ankle.L_y,Ankle.L_z,Wrist.R_x,Wrist.R_y,Wrist.R_z,Elbow.R_x,Elbow.R_y,Elbow.R_z,Shoulder.R_x,Shoulder.R_y,Shoulder.R_z,Shoulder.L_x,Shoulder.L_y,Shoulder.L_z,Elbow.L_x,Elbow.L_y,Elbow.L_z,Wrist.L_x,Wrist.L_y,Wrist.L_z,Neck_x,Neck_y,Neck_z,Head_x,Head_y,Head_z,Nose_x,Nose_y,Nose_z,Eye.L_x,Eye.L_y,Eye.L_z,Eye.R_x,Eye.R_y,Eye.R_z,Ear.L_x,Ear.L_y,Ear.L_z,Ear.R_x,Ear.R_y,Ear.R_z,hip.Center_x,hip.Center_y,hip.Center_z
0,-0.04158437,-0.4595259,0.28712747,0.12066033,-0.060690932,0.2509762,-0.0825565,0.26381946,0.06675202,0.07035706,0.23914886,-0.11380137,0.19428927,-0.14532208,0.014927922,0.07199457,-0.5639249,-0.0627132,-0.27792475,0.43597478,0.43506506,-0.2943968,0.5246104,0.19524905,-0.12834322,0.67122996,0.02810268,0.10861803,0.6675194,-0.1372723,0.32006064,0.50419796,-0.20773193,0.5151041,0.5295933,-0.05499409,-0.00028999336,0.72209626,-0.044447403,0.028277956,0.925578,-0.018331856,0.09834794,0.82530767,0.07165712,0.10508603,0.8657755,0.026805587,0.05345074,0.86733127,0.06659708,0.07762507,0.85311186,-0.06773658,-0.035915874,0.8584254,0.019973911,-0.006099719554185867,0.2514841556549072,-0.023524675518274307
