frame,Ankle.R_x,Ankle.R_y,Ankle.R_z,Knee.R_x,Knee.R_y,Knee.R_z,Hip.R_x,Hip.R_y,Hip.R_z,Hip.L_x,Hip.L_y,Hip.L_z,Knee.L_x,Knee.L_y,Knee.L_z,Ankle.L_x,Ankle.L_y,Ankle.L_z,Wrist.R_x,Wrist.R_y,Wrist.R_z,Elbow.R_x,Elbow.R_y,Elbow.R_z,Shoulder.R_x,Shoulder.R_y,Shoulder.R_z,Shoulder.L_x,Shoulder.L_y,Shoulder.L_z,Elbow.L_x,Elbow.L_y,Elbow.L_z,Wrist.L_x,Wrist.L_y,Wrist.L_z,Neck_x,Neck_y,Neck_z,Head_x,Head_y,Head_z,Nose_x,Nose_y,Nose_z,Eye.L_x,Eye.L_y,Eye.L_z,Eye.R_x,Eye.R_y,Eye.R_z,Ear.L_x,Ear.L_y,Ear.L_z,Ear.R_x,Ear.R_y,Ear.R_z,hip.Center_x,hip.Center_y,hip.Center_z
0,-0.2620319,-0.45725924,-0.0636794,-0.12651779,-0.11004177,0.120108634,-0.11396781,0.2927004,0.020348417,0.10768305,0.26814723,-0.05625055,0.15631656,-0.098753944,0.09139748,0.15022464,-0.47168466,-0.10560247,-0.10167595,0.63399833,0.34971172,-0.26895475,0.57928723,0.18484406,-0.05709129,0.7246798,0.10096551,0.21904252,0.6879715,-0.006046853,0.3698575,0.4908936,-0.12619348,0.5197125,0.52048796,0.052778643,0.10108963,0.7612999,0.07544307,0.15844236,0.96253353,0.14693388,0.19027592,0.8382852,0.23310618,0.213328,0.88268924,0.19606844,0.15401769,0.8887667,0.22451834,0.20839001,0.88768554,0.09420419,0.07365726,0.9027828,0.15812567,-0.003142382949590683,0.2804238200187683,-0.01795106753706932
