frame,Ankle.R_x,Ankle.R_y,Ankle.R_z,Knee.R_x,Knee.R_y,Knee.R_z,Hip.R_x,Hip.R_y,Hip.R_z,Hip.L_x,Hip.L_y,Hip.L_z,Knee.L_x,Knee.L_y,Knee.L_z,Ankle.L_x,Ankle.L_y,Ankle.L_z,Wrist.R_x,Wrist.R_y,Wrist.R_z,Elbow.R_x,Elbow.R_y,Elbow.R_z,Shoulder.R_x,Shoulder.R_y,Shoulder.R_z,Shoulder.L_x,Shoulder.L_y,Shoulder.L_z,Elbow.L_x,Elbow.L_y,Elbow.L_z,Wrist.L_x,Wrist.L_y,Wrist.L_z,Neck_x,Neck_y,Neck_z,Head_x,Head_y,Head_z,Nose_x,Nose_y,Nose_z,Eye.L_x,Eye.L_y,Eye.L_z,Eye.R_x,Eye.R_y,Eye.R_z,Ear.L_x,Ear.L_y,Ear.L_z,Ear.R_x,Ear.R_y,Ear.R_z,hip.Center_x,hip.Center_y,hip.Center_z
0,0.04589632,-0.46434224,0.09172164,0.17435202,-0.06938573,0.1774213,-0.081425175,0.25369325,0.07346862,0.06971851,0.2668274,-0.108496435,0.1300113,-0.14909227,-0.050685506,0.015281787,-0.5473126,-0.18857211,-0.12872252,0.46615264,0.45474026,-0.2897066,0.5095101,0.266673,-0.18714319,0.67661834,0.072147086,0.03260142,0.71407056,-0.12042068,0.24271843,0.57876146,-0.2348477,0.3949351,0.6092182,-0.04811012,-0.0764379,0.75137377,-0.013583817,-0.083155215,0.9626972,0.0037040398,-0.008438051,0.8794371,0.10781917,-0.003531687,0.9190512,0.060534455,-0.05942886,0.91271996,0.094180904,-0.015184093,0.89716476,-0.037226968,-0.13973494,0.88565046,0.03768649,-0.005853332579135895,0.26026034355163574,-0.017513908445835114
