frame,Ankle.R_x,Ankle.R_y,Ankle.R_z,Knee.R_x,Knee.R_y,Knee.R_z,Hip.R_x,Hip.R_y,Hip.R_z,Hip.L_x,Hip.L_y,Hip.L_z,Knee.L_x,Knee.L_y,Knee.L_z,Ankle.L_x,Ankle.L_y,Ankle.L_z,Wrist.R_x,Wrist.R_y,Wrist.R_z,Elbow.R_x,Elbow.R_y,Elbow.R_z,Shoulder.R_x,Shoulder.R_y,Shoulder.R_z,Shoulder.L_x,Shoulder.L_y,Shoulder.L_z,Elbow.L_x,Elbow.L_y,Elbow.L_z,Wrist.L_x,Wrist.L_y,Wrist.L_z,Neck_x,Neck_y,Neck_z,Head_x,Head_y,Head_z,Nose_x,Nose_y,Nose_z,Eye.L_x,Eye.L_y,Eye.L_z,Eye.R_x,Eye.R_y,Eye.R_z,Ear.L_x,Ear.L_y,Ear.L_z,Ear.R_x,Ear.R_y,Ear.R_z,hip.Center_x,hip.Center_y,hip.Center_z
0,-0.19513749,-0.44613743,-0.15645511,-0.08958158,-0.13611132,0.09805821,-0.11706719,0.2745219,0.022280816,0.10520897,0.28025538,-0.055083614,0.19999355,-0.08242528,0.090539895,0.1834042,-0.4218359,-0.157356,0.037324063,0.6937398,0.4191164,-0.18885948,0.6306968,0.34040305,-0.11261608,0.7264157,0.10837817,0.14841431,0.71324694,-0.026066339,0.34765995,0.54493004,-0.10477192,0.46796212,0.6539867,0.065999374,0.027264055,0.7740402,0.05819568,0.08318828,0.976979,0.13269055,0.10521081,0.848552,0.21309027,0.13162984,0.8932864,0.17960908,0.07150142,0.9008558,0.20531094,0.13130718,0.9031277,0.07833132,-0.0047370717,0.9210093,0.13639551,-0.005929108709096909,0.27738863229751587,-0.016401398926973343
