frame,Ankle.R_x,Ankle.R_y,Ankle.R_z,Knee.R_x,Knee.R_y,Knee.R_z,Hip.R_x,Hip.R_y,Hip.R_z,Hip.L_x,Hip.L_y,Hip.L_z,Knee.L_x,Knee.L_y,Knee.L_z,Ankle.L_x,Ankle.L_y,Ankle.L_z,Wrist.R_x,Wrist.R_y,Wrist.R_z,Elbow.R_x,Elbow.R_y,Elbow.R_z,Shoulder.R_x,Shoulder.R_y,Shoulder.R_z,Shoulder.L_x,Shoulder.L_y,Shoulder.L_z,Elbow.L_x,Elbow.L_y,Elbow.L_z,Wrist.L_x,Wrist.L_y,Wrist.L_z,Neck_x,Neck_y,Neck_z,Head_x,Head_y,Head_z,Nose_x,Nose_y,Nose_z,Eye.L_x,Eye.L_y,Eye.L_z,Eye.R_x,Eye.R_y,Eye.R_z,Ear.L_x,Ear.L_y,Ear.L_z,Ear.R_x,Ear.R_y,Ear.R_z,hip.Center_x,hip.Center_y,hip.Center_z
0,-0.24739896,-0.450496,-0.07187473,-0.120454274,-0.10633415,0.12191488,-0.1142313,0.29960796,0.019585304,0.106055096,0.27315384,-0.060310237,0.16180754,-0.06760665,0.13372932,0.14321494,-0.4482464,-0.040448885,-0.078590006,0.6024187,0.30937222,-0.24840407,0.5733406,0.14026472,-0.05138684,0.7437274,0.08220644,0.22543949,0.69987905,-0.025685502,0.35635015,0.48216248,-0.12702273,0.49478355,0.52260077,0.059102915,0.109076984,0.7792209,0.054839462,0.16520362,0.98469335,0.1156586,0.20845316,0.8645605,0.2039746,0.22669263,0.9084987,0.16306554,0.16933246,0.9135744,0.1959909,0.21416865,0.9090229,0.06139782,0.08275377,0.92184895,0.13566466,-0.004088103771209717,0.2863808870315552,-0.02036246657371521
