frame,Ankle.R_x,Ankle.R_y,Ankle.R_z,Knee.R_x,Knee.R_y,Knee.R_z,Hip.R_x,Hip.R_y,Hip.R_z,Hip.L_x,Hip.L_y,Hip.L_z,Knee.L_x,Knee.L_y,Knee.L_z,Ankle.L_x,Ankle.L_y,Ankle.L_z,Wrist.R_x,Wrist.R_y,Wrist.R_z,Elbow.R_x,Elbow.R_y,Elbow.R_z,Shoulder.R_x,Shoulder.R_y,Shoulder.R_z,Shoulder.L_x,Shoulder.L_y,Shoulder.L_z,Elbow.L_x,Elbow.L_y,Elbow.L_z,Wrist.L_x,Wrist.L_y,Wrist.L_z,Neck_x,Neck_y,Neck_z,Head_x,Head_y,Head_z,Nose_x,Nose_y,Nose_z,Eye.L_x,Eye.L_y,Eye.L_z,Eye.R_x,Eye.R_y,Eye.R_z,Ear.L_x,Ear.L_y,Ear.L_z,Ear.R_x,Ear.R_y,Ear.R_z,hip.Center_x,hip.Center_y,hip.Center_z
0,-0.25503626,-0.43734127,-0.09974973,-0.1396078,-0.10101309,0.10354144,-0.115276806,0.29898587,0.017518122,0.10790181,0.2752681,-0.050988857,0.15382929,-0.093038075,0.07866227,0.1347151,-0.447847,-0.13736539,-0.1528263,0.6115552,0.32148558,-0.29101676,0.6093756,0.12688553,-0.056953028,0.7413008,0.09695902,0.22771113,0.6975828,0.011515752,0.3950474,0.5106107,-0.10409408,0.5393602,0.55045694,0.075309485,0.10582433,0.7746102,0.08488627,0.16346557,0.9803021,0.15045135,0.19884934,0.8589153,0.24085331,0.22028543,0.90231216,0.20129164,0.16171971,0.9090642,0.2313731,0.21238577,0.90326047,0.09923092,0.07816893,0.92034817,0.16636494,-0.003687497228384018,0.28712698817253113,-0.016735367476940155
