frame,Ankle.R_x,Ankle.R_y,Ankle.R_z,Knee.R_x,Knee.R_y,Knee.R_z,Hip.R_x,Hip.R_y,Hip.R_z,Hip.L_x,Hip.L_y,Hip.L_z,Knee.L_x,Knee.L_y,Knee.L_z,Ankle.L_x,Ankle.L_y,Ankle.L_z,Wrist.R_x,Wrist.R_y,Wrist.R_z,Elbow.R_x,Elbow.R_y,Elbow.R_z,Shoulder.R_x,Shoulder.R_y,Shoulder.R_z,Shoulder.L_x,Shoulder.L_y,Shoulder.L_z,Elbow.L_x,Elbow.L_y,Elbow.L_z,Wrist.L_x,Wrist.L_y,Wrist.L_z,Neck_x,Neck_y,Neck_z,Head_x,Head_y,Head_z,Nose_x,Nose_y,Nose_z,Eye.L_x,Eye.L_y,Eye.L_z,Eye.R_x,Eye.R_y,Eye.R_z,Ear.L_x,Ear.L_y,Ear.L_z,Ear.R_x,Ear.R_y,Ear.R_z,hip.Center_x,hip.Center_y,hip.Center_z
0,-0.21064234,-0.4612434,-0.3060613,-0.13185804,-0.12940322,-0.069955796,-0.11725131,0.26826948,0.021986485,0.110036485,0.27497977,-0.024721982,0.12852308,-0.11624402,-0.11950786,0.14883122,-0.45569485,-0.3652351,-0.19929147,0.6852083,0.28550133,-0.33102614,0.53761584,0.15983063,-0.15338314,0.717765,0.08597729,0.12199091,0.7407533,0.030616753,0.3358846,0.5929646,-0.05629096,0.43784845,0.7306384,0.09405741,-0.01648111,0.7848909,0.085447274,-0.031828716,0.9986539,0.14130746,-0.043657113,0.8876614,0.2512532,-0.009676747,0.9350275,0.22928892,-0.073790275,0.9289181,0.21422262,0.049810376,0.933889,0.14425504,-0.093326904,0.9228453,0.111145414,-0.0036074109375476837,0.2716246247291565,-0.0013677487149834633
