frame,Ankle.R_x,Ankle.R_y,Ankle.R_z,Knee.R_x,Knee.R_y,Knee.R_z,Hip.R_x,Hip.R_y,Hip.R_z,Hip.L_x,Hip.L_y,Hip.L_z,Knee.L_x,Knee.L_y,Knee.L_z,Ankle.L_x,Ankle.L_y,Ankle.L_z,Wrist.R_x,Wrist.R_y,Wrist.R_z,Elbow.R_x,Elbow.R_y,Elbow.R_z,Shoulder.R_x,Shoulder.R_y,Shoulder.R_z,Shoulder.L_x,Shoulder.L_y,Shoulder.L_z,Elbow.L_x,Elbow.L_y,Elbow.L_z,Wrist.L_x,Wrist.L_y,Wrist.L_z,Neck_x,Neck_y,Neck_z,Head_x,Head_y,Head_z,Nose_x,Nose_y,Nose_z,Eye.L_x,Eye.L_y,Eye.L_z,Eye.R_x,Eye.R_y,Eye.R_z,Ear.L_x,Ear.L_y,Ear.L_z,Ear.R_x,Ear.R_y,Ear.R_z,hip.Center_x,hip.Center_y,hip.Center_z
0,0.024035087,-0.49521935,0.1086584,0.05738962,-0.09063333,0.19054641,-0.108764455,0.251966,0.03621331,0.09693943,0.26789486,-0.06862027,0.13811736,-0.13729744,0.0064255553,0.032640688,-0.51457953,-0.15070884,-0.2945299,0.5662291,0.25684887,-0.37581748,0.4666903,0.057667904,-0.21271168,0.66465306,0.0020518834,0.05503936,0.72894645,-0.050484948,0.2943191,0.6273963,-0.11826396,0.43738872,0.70608324,0.04828501,-0.08439572,0.74797285,-0.0016569018,-0.109159924,0.95137626,0.032807,-0.07809612,0.8605629,0.15199228,-0.05683005,0.9041612,0.114806205,-0.120848045,0.8937276,0.121979624,-0.027046489,0.8918071,0.019563735,-0.16995786,0.870977,0.03567871,-0.005912512540817261,0.25993043184280396,-0.01620348170399666
