frame,Ankle.R_x,Ankle.R_y,Ankle.R_z,Knee.R_x,Knee.R_y,Knee.R_z,Hip.R_x,Hip.R_y,Hip.R_z,Hip.L_x,Hip.L_y,Hip.L_z,Knee.L_x,Knee.L_y,Knee.L_z,Ankle.L_x,Ankle.L_y,Ankle.L_z,Wrist.R_x,Wrist.R_y,Wrist.R_z,Elbow.R_x,Elbow.R_y,Elbow.R_z,Shoulder.R_x,Shoulder.R_y,Shoulder.R_z,Shoulder.L_x,Shoulder.L_y,Shoulder.L_z,Elbow.L_x,Elbow.L_y,Elbow.L_z,Wrist.L_x,Wrist.L_y,Wrist.L_z,Neck_x,Neck_y,Neck_z,Head_x,Head_y,Head_z,Nose_x,Nose_y,Nose_z,Eye.L_x,Eye.L_y,Eye.L_z,Eye.R_x,Eye.R_y,Eye.R_z,Ear.L_x,Ear.L_y,Ear.L_z,Ear.R_x,Ear.R_y,Ear.R_z,hip.Center_x,hip.Center_y,hip.Center_z
0,-0.048119172,-0.46720254,0.19902837,0.030345334,-0.05420977,0.28554252,-0.11786245,0.24545397,0.023145616,0.09947255,0.25365615,-0.08275692,0.2589514,-0.017835539,0.19603556,0.1778041,-0.4223956,0.061246887,-0.33129436,0.5031052,0.3661235,-0.38057297,0.46969268,0.121380106,-0.1960914,0.6367964,-3.4043565e-05,0.07374263,0.68863213,-0.08531643,0.32818854,0.610693,-0.15618718,0.45924067,0.66497105,0.04467606,-0.06174976,0.712394,-0.02409263,-0.054228388,0.91407704,0.03471559,-0.013178222,0.8016913,0.12694776,0.0064216107,0.8472986,0.09261033,-0.055259682,0.84432125,0.11386219,0.010581024,0.84928036,-0.006300509,-0.1258125,0.84332436,0.040762283,-0.00919494777917862,0.2495550513267517,-0.029805652797222137
