frame,Ankle.R_x,Ankle.R_y,Ankle.R_z,Knee.R_x,Knee.R_y,Knee.R_z,Hip.R_x,Hip.R_y,Hip.R_z,Hip.L_x,Hip.L_y,Hip.L_z,Knee.L_x,Knee.L_y,Knee.L_z,Ankle.L_x,Ankle.L_y,Ankle.L_z,Wrist.R_x,Wrist.R_y,Wrist.R_z,Elbow.R_x,Elbow.R_y,Elbow.R_z,Shoulder.R_x,Shoulder.R_y,Shoulder.R_z,Shoulder.L_x,Shoulder.L_y,Shoulder.L_z,Elbow.L_x,Elbow.L_y,Elbow.L_z,Wrist.L_x,Wrist.L_y,Wrist.L_z,Neck_x,Neck_y,Neck_z,Head_x,Head_y,Head_z,Nose_x,Nose_y,Nose_z,Eye.L_x,Eye.L_y,Eye.L_z,Eye.R_x,Eye.R_y,Eye.R_z,Ear.L_x,Ear.L_y,Ear.L_z,Ear.R_x,Ear.R_y,Ear.R_z,hip.Center_x,hip.Center_y,hip.Center_z
0,-0.010045771,-0.43341312,0.19902045,0.09481342,-0.037044756,0.24901605,-0.09548288,0.26761085,0.05229991,0.083651885,0.25050095,-0.09192277,0.12324592,-0.14797083,-0.0006730531,0.01765824,-0.5530144,-0.075522296,-0.28945372,0.5583772,0.3188328,-0.34934953,0.5734509,0.08614941,-0.1261382,0.69806993,0.008470915,0.13628085,0.69645303,-0.09721799,0.37592113,0.59117305,-0.1557828,0.4834026,0.7382237,-0.0076704943,0.012394431,0.7455071,-0.025993664,0.022624748,0.94817203,0.0041538887,0.03891246,0.85509765,0.12393604,0.06635016,0.89571023,0.0876596,0.0013879854,0.89279187,0.09238864,0.09747055,0.87919176,-0.0067471527,-0.04654204,0.87643695,0.005229406,-0.005915496498346329,0.2590559124946594,-0.01981142908334732
