frame,Ankle.R_x,Ankle.R_y,Ankle.R_z,Knee.R_x,Knee.R_y,Knee.R_z,Hip.R_x,Hip.R_y,Hip.R_z,Hip.L_x,Hip.L_y,Hip.L_z,Knee.L_x,Knee.L_y,Knee.L_z,Ankle.L_x,Ankle.L_y,Ankle.L_z,Wrist.R_x,Wrist.R_y,Wrist.R_z,Elbow.R_x,Elbow.R_y,Elbow.R_z,Shoulder.R_x,Shoulder.R_y,Shoulder.R_z,Shoulder.L_x,Shoulder.L_y,Shoulder.L_z,Elbow.L_x,Elbow.L_y,Elbow.L_z,Wrist.L_x,Wrist.L_y,Wrist.L_z,Neck_x,Neck_y,Neck_z,Head_x,Head_y,Head_z,Nose_x,Nose_y,Nose_z,Eye.L_x,Eye.L_y,Eye.L_z,Eye.R_x,Eye.R_y,Eye.R_z,Ear.L_x,Ear.L_y,Ear.L_z,Ear.R_x,Ear.R_y,Ear.R_z,hip.Center_x,hip.Center_y,hip.Center_z
0,-0.13095187,-0.52140373,-0.06951511,-0.076292835,-0.14072789,0.12312162,-0.11491999,0.2727061,0.016281165,0.10875886,0.261356,-0.047339305,0.10116184,-0.15737201,0.00014857564,0.032491572,-0.55378205,-0.17052867,-0.3273646,0.68501186,0.23901227,-0.35964838,0.60965574,0.00762856,-0.11375171,0.7281635,0.02339774,0.17204349,0.7002821,-0.007036066,0.3727656,0.5133339,-0.034733687,0.52463573,0.61164933,0.124129385,0.03685726,0.7665554,0.034836955,0.063346125,0.9696926,0.07268284,0.044367682,0.87789786,0.19527711,0.08382724,0.9136719,0.16326027,0.01866832,0.91992676,0.15601668,0.13040566,0.8900568,0.075594515,-0.01539737,0.9060791,0.059822123,-0.003080565482378006,0.2670310437679291,-0.015529070049524307
