frame,Ankle.R_x,Ankle.R_y,Ankle.R_z,Knee.R_x,Knee.R_y,Knee.R_z,Hip.R_x,Hip.R_y,Hip.R_z,Hip.L_x,Hip.L_y,Hip.L_z,Knee.L_x,Knee.L_y,Knee.L_z,Ankle.L_x,Ankle.L_y,Ankle.L_z,Wrist.R_x,Wrist.R_y,Wrist.R_z,Elbow.R_x,Elbow.R_y,Elbow.R_z,Shoulder.R_x,Shoulder.R_y,Shoulder.R_z,Shoulder.L_x,Shoulder.L_y,Shoulder.L_z,Elbow.L_x,Elbow.L_y,Elbow.L_z,Wrist.L_x,Wrist.L_y,Wrist.L_z,Neck_x,Neck_y,Neck_z,Head_x,Head_y,Head_z,Nose_x,Nose_y,Nose_z,Eye.L_x,Eye.L_y,Eye.L_z,Eye.R_x,Eye.R_y,Eye.R_z,Ear.L_x,Ear.L_y,Ear.L_z,Ear.R_x,Ear.R_y,Ear.R_z,hip.Center_x,hip.Center_y,hip.Center_z
0,-0.0057462575,-0.41670513,0.28548107,0.11207049,-0.0003334314,0.29717657,-0.10118653,0.266869,0.045611627,0.088056214,0.24049017,-0.09661281,0.12546554,-0.16387448,0.043677386,-0.008902272,-0.5866107,-0.010925346,-0.26928833,0.41875097,0.29693013,-0.32916296,0.48879144,0.060449094,-0.13471672,0.6783351,0.0028383434,0.14015625,0.6701242,-0.10319354,0.3315162,0.4698641,-0.14566857,0.5440823,0.4969954,-0.018089829,0.012304563,0.73072106,-0.031701893,0.03622073,0.9326383,0.02217633,0.068630755,0.8209101,0.120110855,0.0914786,0.8649726,0.084308475,0.02893294,0.86543703,0.10376723,0.100059286,0.86199903,-0.015361384,-0.038371548,0.8653932,0.028348751,-0.006565157324075699,0.2536795735359192,-0.025500591844320297
