frame,Ankle.R_x,Ankle.R_y,Ankle.R_z,Knee.R_x,Knee.R_y,Knee.R_z,Hip.R_x,Hip.R_y,Hip.R_z,Hip.L_x,Hip.L_y,Hip.L_z,Knee.L_x,Knee.L_y,Knee.L_z,Ankle.L_x,Ankle.L_y,Ankle.L_z,Wrist.R_x,Wrist.R_y,Wrist.R_z,Elbow.R_x,Elbow.R_y,Elbow.R_z,Shoulder.R_x,Shoulder.R_y,Shoulder.R_z,Shoulder.L_x,Shoulder.L_y,Shoulder.L_z,Elbow.L_x,Elbow.L_y,Elbow.L_z,Wrist.L_x,Wrist.L_y,Wrist.L_z,Neck_x,Neck_y,Neck_z,Head_x,Head_y,Head_z,Nose_x,Nose_y,Nose_z,Eye.L_x,Eye.L_y,Eye.L_z,Eye.R_x,Eye.R_y,Eye.R_z,Ear.L_x,Ear.L_y,Ear.L_z,Ear.R_x,Ear.R_y,Ear.R_z,hip.Center_x,hip.Center_y,hip.Center_z
0,-0.2555957,-0.42466295,-0.13674009,-0.14490832,-0.10201287,0.086037986,-0.11550056,0.3001884,0.018208578,0.10836237,0.2781477,-0.049836982,0.15224738,-0.08763355,0.08139497,0.1384568,-0.42830008,-0.15082222,-0.1182454,0.6389244,0.34526777,-0.2719395,0.59551334,0.16933501,-0.05390191,0.7404381,0.109729074,0.23084274,0.70455813,0.01835261,0.41204697,0.5286944,-0.088809,0.52379686,0.5803722,0.10857401,0.10753258,0.7788186,0.09145559,0.16098252,0.988908,0.14812014,0.20177138,0.872132,0.24255875,0.22122686,0.91474533,0.20074111,0.1629664,0.9208459,0.23182563,0.2113486,0.9112656,0.098458625,0.0777678,0.9270801,0.16794603,-0.003569096326828003,0.2891680598258972,-0.015814201906323433
