frame,Ankle.R_x,Ankle.R_y,Ankle.R_z,Knee.R_x,Knee.R_y,Knee.R_z,Hip.R_x,Hip.R_y,Hip.R_z,Hip.L_x,Hip.L_y,Hip.L_z,Knee.L_x,Knee.L_y,Knee.L_z,Ankle.L_x,Ankle.L_y,Ankle.L_z,Wrist.R_x,Wrist.R_y,Wrist.R_z,Elbow.R_x,Elbow.R_y,Elbow.R_z,Shoulder.R_x,Shoulder.R_y,Shoulder.R_z,Shoulder.L_x,Shoulder.L_y,Shoulder.L_z,Elbow.L_x,Elbow.L_y,Elbow.L_z,Wrist.L_x,Wrist.L_y,Wrist.L_z,Neck_x,Neck_y,Neck_z,Head_x,Head_y,Head_z,Nose_x,Nose_y,Nose_z,Eye.L_x,Eye.L_y,Eye.L_z,Eye.R_x,Eye.R_y,Eye.R_z,Ear.L_x,Ear.L_y,Ear.L_z,Ear.R_x,Ear.R_y,Ear.R_z,hip.Center_x,hip.Center_y,hip.Center_z
0,-0.13418111,-0.5011791,-0.042452045,-0.079724185,-0.12306956,0.1397495,-0.115641385,0.2800833,0.015871342,0.10767035,0.26718017,-0.049625274,0.12578632,-0.13998035,0.028386679,0.07162819,-0.53992873,-0.12422219,-0.22931935,0.58433795,0.28951484,-0.30744484,0.5168562,0.06911309,-0.113607004,0.7109193,0.055872746,0.1778462,0.69527364,-0.006093762,0.34438848,0.48465884,-0.081754774,0.5359157,0.52856696,0.054489404,0.04291338,0.7656474,0.05203747,0.068953305,0.97634494,0.10361851,0.066170275,0.87163794,0.21625999,0.10112278,0.9119199,0.18392122,0.03534415,0.9165891,0.18491954,0.13835806,0.89923394,0.08940884,-0.009696297,0.91195244,0.09189558,-0.003985516726970673,0.273631751537323,-0.016876965761184692
