frame,Ankle.R_x,Ankle.R_y,Ankle.R_z,Knee.R_x,Knee.R_y,Knee.R_z,Hip.R_x,Hip.R_y,Hip.R_z,Hip.L_x,Hip.L_y,Hip.L_z,Knee.L_x,Knee.L_y,Knee.L_z,Ankle.L_x,Ankle.L_y,Ankle.L_z,Wrist.R_x,Wrist.R_y,Wrist.R_z,Elbow.R_x,Elbow.R_y,Elbow.R_z,Shoulder.R_x,Shoulder.R_y,Shoulder.R_z,Shoulder.L_x,Shoulder.L_y,Shoulder.L_z,Elbow.L_x,Elbow.L_y,Elbow.L_z,Wrist.L_x,Wrist.L_y,Wrist.L_z,Neck_x,Neck_y,Neck_z,Head_x,Head_y,Head_z,Nose_x,Nose_y,Nose_z,Eye.L_x,Eye.L_y,Eye.L_z,Eye.R_x,Eye.R_y,Eye.R_z,Ear.L_x,Ear.L_y,Ear.L_z,Ear.R_x,Ear.R_y,Ear.R_z,hip.Center_x,hip.Center_y,hip.Center_z
0,-0.093294315,-0.5482958,-0.063546516,-0.04615593,-0.15304884,0.11706027,-0.11068263,0.26548022,0.031695325,0.1070156,0.26013875,-0.05880986,0.07865157,-0.16699967,-0.054272957,-0.006403511,-0.5619645,-0.23860577,-0.2681562,0.56004447,0.30996168,-0.33335727,0.5093382,0.07642402,-0.13329002,0.69964707,0.05237112,0.14422894,0.7055038,-0.035148747,0.32921523,0.51885474,-0.12920545,0.51015484,0.5801348,0.020636303,0.012654035,0.7612283,0.03543976,0.018535452,0.9699841,0.08009696,0.015678307,0.8694608,0.19663468,0.049331795,0.91232544,0.16635038,-0.016394326,0.9100089,0.16087556,0.096151724,0.9001782,0.07630852,-0.050184973,0.8977211,0.065234944,-0.0018335133790969849,0.26280948519706726,-0.013557268306612968
