frame,Ankle.R_x,Ankle.R_y,Ankle.R_z,Knee.R_x,Knee.R_y,Knee.R_z,Hip.R_x,Hip.R_y,Hip.R_z,Hip.L_x,Hip.L_y,Hip.L_z,Knee.L_x,Knee.L_y,Knee.L_z,Ankle.L_x,Ankle.L_y,Ankle.L_z,Wrist.R_x,Wrist.R_y,Wrist.R_z,Elbow.R_x,Elbow.R_y,Elbow.R_z,Shoulder.R_x,Shoulder.R_y,Shoulder.R_z,Shoulder.L_x,Shoulder.L_y,Shoulder.L_z,Elbow.L_x,Elbow.L_y,Elbow.L_z,Wrist.L_x,Wrist.L_y,Wrist.L_z,Neck_x,Neck_y,Neck_z,Head_x,Head_y,Head_z,Nose_x,Nose_y,Nose_z,Eye.L_x,Eye.L_y,Eye.L_z,Eye.R_x,Eye.R_y,Eye.R_z,Ear.L_x,Ear.L_y,Ear.L_z,Ear.R_x,Ear.R_y,Ear.R_z,hip.Center_x,hip.Center_y,hip.Center_z
0,-0.02962517,-0.43863449,0.25189412,0.083303966,-0.025880544,0.27656603,-0.10261053,0.26961297,0.04475871,0.09075104,0.2532139,-0.090968676,0.11708856,-0.16011736,0.002942729,-0.008199174,-0.56961596,-0.10346955,-0.29129052,0.54300547,0.36831388,-0.3466515,0.5402312,0.12355086,-0.144519,0.6973875,0.019146573,0.1334545,0.68913484,-0.086244255,0.32158354,0.48591647,-0.10372056,0.499813,0.5671461,0.04131296,0.0017383359,0.75124454,-0.01712096,0.018455448,0.95970833,0.022119602,0.040793076,0.8580599,0.13408928,0.066957034,0.8993454,0.096711285,0.0024000164,0.90003204,0.10854049,0.08768995,0.88665545,-0.001499407,-0.056163736,0.8911294,0.025665775,-0.0059297457337379456,0.26141345500946045,-0.02310498245060444
