frame,Ankle.R_x,Ankle.R_y,Ankle.R_z,Knee.R_x,Knee.R_y,Knee.R_z,Hip.R_x,Hip.R_y,Hip.R_z,Hip.L_x,Hip.L_y,Hip.L_z,Knee.L_x,Knee.L_y,Knee.L_z,Ankle.L_x,Ankle.L_y,Ankle.L_z,Wrist.R_x,Wrist.R_y,Wrist.R_z,Elbow.R_x,Elbow.R_y,Elbow.R_z,Shoulder.R_x,Shoulder.R_y,Shoulder.R_z,Shoulder.L_x,Shoulder.L_y,Shoulder.L_z,Elbow.L_x,Elbow.L_y,Elbow.L_z,Wrist.L_x,Wrist.L_y,Wrist.L_z,Neck_x,Neck_y,Neck_z,Head_x,Head_y,Head_z,Nose_x,Nose_y,Nose_z,Eye.L_x,Eye.L_y,Eye.L_z,Eye.R_x,Eye.R_y,Eye.R_z,Ear.L_x,Ear.L_y,Ear.L_z,Ear.R_x,Ear.R_y,Ear.R_z,hip.Center_x,hip.Center_y,hip.Center_z
0,-0.22039387,-0.46754408,-0.25570425,-0.11963208,-0.13169482,-0.035424184,-0.112178266,0.27266538,0.03474035,0.1068454,0.28015044,-0.041787546,0.12143767,-0.11360735,-0.12319571,0.122431025,-0.45378548,-0.36816895,-0.14352694,0.7214187,0.35315475,-0.30230135,0.58791465,0.23978396,-0.13199916,0.7338697,0.10261848,0.13804373,0.74372494,0.0061170496,0.34283096,0.5968745,-0.10109897,0.45547953,0.7232336,0.05328195,0.009378107,0.79493475,0.076602936,0.020909451,1.0129788,0.11043787,0.05429056,0.9166436,0.22937633,0.07668589,0.95742303,0.18742126,0.012477109,0.95646244,0.20329706,0.09203696,0.94035125,0.0866165,-0.052681066,0.9407063,0.121206954,-0.002666432410478592,0.2764078974723816,-0.0035235974937677383
