frame,Ankle.R_x,Ankle.R_y,Ankle.R_z,Knee.R_x,Knee.R_y,Knee.R_z,Hip.R_x,Hip.R_y,Hip.R_z,Hip.L_x,Hip.L_y,Hip.L_z,Knee.L_x,Knee.L_y,Knee.L_z,Ankle.L_x,Ankle.L_y,Ankle.L_z,Wrist.R_x,Wrist.R_y,Wrist.R_z,Elbow.R_x,Elbow.R_y,Elbow.R_z,Shoulder.R_x,Shoulder.R_y,Shoulder.R_z,Shoulder.L_x,Shoulder.L_y,Shoulder.L_z,Elbow.L_x,Elbow.L_y,Elbow.L_z,Wrist.L_x,Wrist.L_y,Wrist.L_z,Neck_x,Neck_y,Neck_z,Head_x,Head_y,Head_z,Nose_x,Nose_y,Nose_z,Eye.L_x,Eye.L_y,Eye.L_z,Eye.R_x,Eye.R_y,Eye.R_z,Ear.L_x,Ear.L_y,Ear.L_z,Ear.R_x,Ear.R_y,Ear.R_z,hip.Center_x,hip.Center_y,hip.Center_z
0,-0.21501642,-0.46944606,-0.2791659,-0.13207018,-0.13213529,-0.051762715,-0.11444187,0.26745102,0.030959342,0.10845046,0.27753747,-0.035218414,0.13082603,-0.117683746,-0.11206134,0.14506444,-0.46185708,-0.35359797,-0.0965904,0.6935685,0.35283616,-0.2876784,0.5686438,0.28076658,-0.14835145,0.7157818,0.11090381,0.119383544,0.7429951,0.011167464,0.3491549,0.6159849,-0.07545063,0.46052876,0.7099171,0.10640693,-0.014220691,0.7840686,0.082388595,-0.019286374,0.9992203,0.14743516,0.0075644106,0.88391507,0.24935424,0.031654704,0.9327318,0.21920851,-0.033677176,0.9257827,0.22652622,0.05853873,0.9361268,0.11935394,-0.087675475,0.9234257,0.1355392,-0.002995707094669342,0.27249425649642944,-0.002129536122083664
