frame,Ankle.R_x,Ankle.R_y,Ankle.R_z,Knee.R_x,Knee.R_y,Knee.R_z,Hip.R_x,Hip.R_y,Hip.R_z,Hip.L_x,Hip.L_y,Hip.L_z,Knee.L_x,Knee.L_y,Knee.L_z,Ankle.L_x,Ankle.L_y,Ankle.L_z,Wrist.R_x,Wrist.R_y,Wrist.R_z,Elbow.R_x,Elbow.R_y,Elbow.R_z,Shoulder.R_x,Shoulder.R_y,Shoulder.R_z,Shoulder.L_x,Shoulder.L_y,Shoulder.L_z,Elbow.L_x,Elbow.L_y,Elbow.L_z,Wrist.L_x,Wrist.L_y,Wrist.L_z,Neck_x,Neck_y,Neck_z,Head_x,Head_y,Head_z,Nose_x,Nose_y,Nose_z,Eye.L_x,Eye.L_y,Eye.L_z,Eye.R_x,Eye.R_y,Eye.R_z,Ear.L_x,Ear.L_y,Ear.L_z,Ear.R_x,Ear.R_y,Ear.R_z,hip.Center_x,hip.Center_y,hip.Center_z
0,-0.22696832,-0.46490705,-0.1274505,-0.10241399,-0.12802576,0.07627005,-0.10862622,0.2861626,0.036633335,0.1007391,0.27641675,-0.065778464,0.16552588,-0.09278502,0.069445774,0.15256979,-0.46475515,-0.119818114,0.0844992,0.6837157,0.37354854,-0.14199483,0.61710405,0.31880108,-0.06260985,0.7440564,0.107439876,0.18039355,0.7174228,-0.055678315,0.36185938,0.53180677,-0.12310977,0.46744323,0.6348774,0.057398163,0.07544054,0.7842221,0.04024098,0.1604246,0.9817365,0.10175248,0.1996076,0.84851503,0.16796172,0.21670651,0.8938595,0.12906298,0.16762283,0.9023167,0.17236553,0.18596327,0.90835464,0.03292239,0.074429624,0.92869437,0.13073346,-0.003943558782339096,0.2812896966934204,-0.014572564512491226
