frame,Ankle.R_x,Ankle.R_y,Ankle.R_z,Knee.R_x,Knee.R_y,Knee.R_z,Hip.R_x,Hip.R_y,Hip.R_z,Hip.L_x,Hip.L_y,Hip.L_z,Knee.L_x,Knee.L_y,Knee.L_z,Ankle.L_x,Ankle.L_y,Ankle.L_z,Wrist.R_x,Wrist.R_y,Wrist.R_z,Elbow.R_x,Elbow.R_y,Elbow.R_z,Shoulder.R_x,Shoulder.R_y,Shoulder.R_z,Shoulder.L_x,Shoulder.L_y,Shoulder.L_z,Elbow.L_x,Elbow.L_y,Elbow.L_z,Wrist.L_x,Wrist.L_y,Wrist.L_z,Neck_x,Neck_y,Neck_z,Head_x,Head_y,Head_z,Nose_x,Nose_y,Nose_z,Eye.L_x,Eye.L_y,Eye.L_z,Eye.R_x,Eye.R_y,Eye.R_z,Ear.L_x,Ear.L_y,Ear.L_z,Ear.R_x,Ear.R_y,Ear.R_z,hip.Center_x,hip.Center_y,hip.Center_z
0,-0.056474388,-0.4748211,-0.23271124,-0.049029086,-0.13522834,-0.008497743,-0.11313742,0.27017748,0.028898707,0.10519978,0.27482033,-0.036298115,0.07360232,-0.12593074,-0.07813317,0.018114649,-0.46854967,-0.3009649,-0.26731774,0.71427476,0.2170969,-0.3592187,0.60033745,0.041667968,-0.13308507,0.73738,0.05382168,0.14256227,0.7323581,0.003320733,0.30959243,0.5481919,-0.10124843,0.38876548,0.6570429,0.07773009,0.009129541,0.79125756,0.057010945,0.009359641,1.0063967,0.07938279,-0.036532782,0.9181348,0.19989015,0.0059097633,0.95890546,0.17855228,-0.053541947,0.95369524,0.15037544,0.08213453,0.9387444,0.111117065,-0.050374843,0.9306363,0.048809223,-0.003968819975852966,0.2724989056587219,-0.003699704073369503
