frame,Ankle.R_x,Ankle.R_y,Ankle.R_z,Knee.R_x,Knee.R_y,Knee.R_z,Hip.R_x,Hip.R_y,Hip.R_z,Hip.L_x,Hip.L_y,Hip.L_z,Knee.L_x,Knee.L_y,Knee.L_z,Ankle.L_x,Ankle.L_y,Ankle.L_z,Wrist.R_x,Wrist.R_y,Wrist.R_z,Elbow.R_x,Elbow.R_y,Elbow.R_z,Shoulder.R_x,Shoulder.R_y,Shoulder.R_z,Shoulder.L_x,Shoulder.L_y,Shoulder.L_z,Elbow.L_x,Elbow.L_y,Elbow.L_z,Wrist.L_x,Wrist.L_y,Wrist.L_z,Neck_x,Neck_y,Neck_z,Head_x,Head_y,Head_z,Nose_x,Nose_y,Nose_z,Eye.L_x,Eye.L_y,Eye.L_z,Eye.R_x,Eye.R_y,Eye.R_z,Ear.L_x,Ear.L_y,Ear.L_z,Ear.R_x,Ear.R_y,Ear.R_z,hip.Center_x,hip.Center_y,hip.Center_z
0,-0.07381747,-0.48340324,0.26830038,0.09021963,-0.08572282,0.23841274,-0.082201146,0.26004785,0.06577189,0.071888596,0.23975448,-0.110368446,0.20154296,-0.14292717,0.011784685,0.07222605,-0.55527776,-0.073895164,-0.25609577,0.43478042,0.45036188,-0.29209667,0.51957166,0.21249595,-0.13449554,0.6621788,0.034905933,0.10166165,0.6631956,-0.12999389,0.3214246,0.5124472,-0.20066103,0.5179655,0.5475236,-0.053429108,-0.007510651,0.7151163,-0.03720757,0.032070164,0.9163,-0.0005861504,0.09362394,0.8057665,0.08136001,0.103489235,0.84823173,0.03953261,0.052362673,0.8512362,0.07943063,0.07518501,0.8442422,-0.054693658,-0.037028,0.8524507,0.03306503,-0.005156274884939194,0.2499011754989624,-0.02229827642440796
