frame,Ankle.R_x,Ankle.R_y,Ankle.R_z,Knee.R_x,Knee.R_y,Knee.R_z,Hip.R_x,Hip.R_y,Hip.R_z,Hip.L_x,Hip.L_y,Hip.L_z,Knee.L_x,Knee.L_y,Knee.L_z,Ankle.L_x,Ankle.L_y,Ankle.L_z,Wrist.R_x,Wrist.R_y,Wrist.R_z,Elbow.R_x,Elbow.R_y,Elbow.R_z,Shoulder.R_x,Shoulder.R_y,Shoulder.R_z,Shoulder.L_x,Shoulder.L_y,Shoulder.L_z,Elbow.L_x,Elbow.L_y,Elbow.L_z,Wrist.L_x,Wrist.L_y,Wrist.L_z,Neck_x,Neck_y,Neck_z,Head_x,Head_y,Head_z,Nose_x,Nose_y,Nose_z,Eye.L_x,Eye.L_y,Eye.L_z,Eye.R_x,Eye.R_y,Eye.R_z,Ear.L_x,Ear.L_y,Ear.L_z,Ear.R_x,Ear.R_y,Ear.R_z,hip.Center_x,hip.Center_y,hip.Center_z
0,-0.18693297,-0.4369315,-0.12929365,-0.08161949,-0.13189371,0.13002257,-0.11851386,0.26885846,0.01901643,0.1055998,0.27931264,-0.056403812,0.20455316,-0.06571487,0.1275071,0.18703517,-0.4051124,-0.11763184,0.06817324,0.7131124,0.40299246,-0.16395034,0.6413938,0.35086554,-0.12524867,0.71705043,0.10317165,0.1307301,0.7106256,-0.037817053,0.3417307,0.5511726,-0.10005744,0.43156946,0.666563,0.084897354,0.00796718,0.76790714,0.046140336,0.05646156,0.9737991,0.11378958,0.077861235,0.8488935,0.19868003,0.104763374,0.89293265,0.16508755,0.04360432,0.9001045,0.1882189,0.107643805,0.8995141,0.06389446,-0.029857248,0.91659164,0.11623536,-0.006457030773162842,0.27408555150032043,-0.01869369111955166
