frame,Ankle.R_x,Ankle.R_y,Ankle.R_z,Knee.R_x,Knee.R_y,Knee.R_z,Hip.R_x,Hip.R_y,Hip.R_z,Hip.L_x,Hip.L_y,Hip.L_z,Knee.L_x,Knee.L_y,Knee.L_z,Ankle.L_x,Ankle.L_y,Ankle.L_z,Wrist.R_x,Wrist.R_y,Wrist.R_z,Elbow.R_x,Elbow.R_y,Elbow.R_z,Shoulder.R_x,Shoulder.R_y,Shoulder.R_z,Shoulder.L_x,Shoulder.L_y,Shoulder.L_z,Elbow.L_x,Elbow.L_y,Elbow.L_z,Wrist.L_x,Wrist.L_y,Wrist.L_z,Neck_x,Neck_y,Neck_z,Head_x,Head_y,Head_z,Nose_x,Nose_y,Nose_z,Eye.L_x,Eye.L_y,Eye.L_z,Eye.R_x,Eye.R_y,Eye.R_z,Ear.L_x,Ear.L_y,Ear.L_z,Ear.R_x,Ear.R_y,Ear.R_z,hip.Center_x,hip.Center_y,hip.Center_z
0,-0.22320616,-0.4829959,-0.20505483,-0.116580926,-0.13676566,0.0011274549,-0.11309464,0.2762989,0.030555455,0.10737682,0.27703542,-0.043832023,0.13110657,-0.12634982,-0.06362451,0.12845731,-0.48790225,-0.2812005,-0.16610228,0.6591507,0.36777222,-0.31827992,0.5823132,0.19920495,-0.12303762,0.7302496,0.09198661,0.15311256,0.7329222,0.0021626735,0.36192778,0.58675873,-0.10130805,0.48678103,0.6864255,0.06752016,0.023887578,0.78696877,0.07164642,0.043185446,1.0010777,0.119870566,0.08369545,0.8960319,0.227993,0.10364103,0.93890417,0.18709081,0.041138448,0.938447,0.20850219,0.1096326,0.92865133,0.08497296,-0.03143821,0.9300951,0.13221022,-0.002858910709619522,0.27666717767715454,-0.006638283841311932
